year,age,value
2020,15,17.9
2020,16,32.391999999999996
2020,17,48.065999999999995
2020,18,63.194
2020,19,73.577
2020,20,78.753
2020,21,81.28
2020,22,81.937
2020,23,81.981
2020,24,81.704
2020,25,81.17
2020,26,80.36999999999999
2020,27,79.58500000000001
2020,28,78.71499999999999
2020,29,77.084
2020,30,74.48100000000001
2020,31,71.131
2020,32,67.095
2020,33,62.901
2020,34,58.527
2020,35,53.585
2020,36,47.576
2020,37,41.419
2020,38,35.21
2020,39,28.718
2020,40,21.652
2020,41,15.792
2020,42,10.811
2020,43,6.882
2020,44,4.018
2020,45,1.917
2020,46,0.938
2020,47,0.379
2020,48,0.126
2020,49,0.017
2021,15,17.058
2021,16,30.991999999999997
2021,17,46.194
2021,18,61.025000000000006
2021,19,71.461
2021,20,77.044
2021,21,80.188
2021,22,81.58999999999999
2021,23,82.281
2021,24,82.478
2021,25,82.143
2021,26,81.248
2021,27,80.155
2021,28,78.817
2021,29,76.69800000000001
2021,30,73.636
2021,31,69.998
2021,32,65.85000000000001
2021,33,61.677
2021,34,57.437000000000005
2021,35,52.7
2021,36,46.95
2021,37,41.045
2021,38,35.067
2021,39,28.779
2021,40,21.917
2021,41,16.144
2021,42,11.177
2021,43,7.203
2021,44,4.2490000000000006
2021,45,2.012
2021,46,0.97
2021,47,0.379
2021,48,0.123
2021,49,0.017
2022,15,15.657999999999998
2022,16,28.65
2022,17,43.107
2022,18,57.534
2022,19,68.11
2022,20,74.345
2022,21,78.26700000000001
2022,22,80.46000000000001
2022,23,81.81099999999999
2022,24,82.505
2022,25,82.505
2022,26,81.8
2022,27,80.803
2022,28,79.48700000000001
2022,29,77.36
2022,30,74.279
2022,31,70.62
2022,32,66.46000000000001
2022,33,62.285
2022,34,58.053
2022,35,53.313
2022,36,47.582
2022,37,41.693
2022,38,35.729
2022,39,29.459
2022,40,22.65
2022,41,16.826
2022,42,11.757
2022,43,7.659
2022,44,4.566
2022,45,2.1519999999999997
2022,46,1.019
2022,47,0.38
2022,48,0.121
2022,49,0.016
2023,15,15.396999999999998
2023,16,28.369
2023,17,42.858
2023,18,57.351
2023,19,67.91600000000001
2023,20,74.044
2023,21,77.857
2023,22,79.956
2023,23,81.258
2023,24,81.948
2023,25,81.97
2023,26,81.301
2023,27,80.336
2023,28,79.043
2023,29,76.929
2023,30,73.852
2023,31,70.20400000000001
2023,32,66.062
2023,33,61.908
2023,34,57.701
2023,35,52.992999999999995
2023,36,47.297
2023,37,41.446
2023,38,35.520999999999994
2023,39,29.287
2023,40,22.51
2023,41,16.721
2023,42,11.689
2023,43,7.62
2023,44,4.549
2023,45,2.183
2023,46,1.048
2023,47,0.4009999999999999
2023,48,0.129
2023,49,0.017
2024,15,14.81
2024,16,27.355
2024,17,41.47
2024,18,55.711
2024,19,66.256
2024,20,72.6
2024,21,76.70100000000001
2024,22,79.10499999999999
2024,23,80.64699999999999
2024,24,81.493
2024,25,81.613
2024,26,81.003
2024,27,80.114
2024,28,78.925
2024,29,76.92999999999999
2024,30,73.98100000000001
2024,31,70.462
2024,32,66.449
2024,33,62.437
2024,34,58.375
2024,35,53.77
2024,36,48.099
2024,37,42.235
2024,38,36.262
2024,39,29.945
2024,40,23.036
2024,41,17.135
2024,42,11.994
2024,43,7.828999999999999
2024,44,4.675999999999999
2024,45,2.2369999999999997
2024,46,1.0510000000000002
2024,47,0.39
2024,48,0.124
2024,49,0.017
2025,15,14.157
2025,16,26.218
2025,17,39.886
2025,18,53.794
2025,19,64.25
2025,20,70.757
2025,21,75.10600000000001
2025,22,77.788
2025,23,79.556
2025,24,80.553
2025,25,80.77199999999999
2025,26,80.22999999999999
2025,27,79.42399999999999
2025,28,78.347
2025,29,76.482
2025,30,73.676
2025,31,70.306
2025,32,66.44200000000001
2025,33,62.59
2025,34,58.694
2025,35,54.219
2025,36,48.605
2025,37,42.762
2025,38,36.779
2025,39,30.417
2025,40,23.419
2025,41,17.442
2025,42,12.225
2025,43,7.99
2025,44,4.773000000000001
2025,45,2.277
2025,46,1.048
2025,47,0.378
2025,48,0.119
2025,49,0.016
2026,15,13.569
2026,16,25.197
2026,17,38.471
2026,18,52.09
2026,19,62.481
2026,20,69.153
2026,21,73.749
2026,22,76.705
2026,23,78.697
2026,24,79.848
2026,25,80.16900000000001
2026,26,79.696
2026,27,78.97500000000001
2026,28,78.00500000000001
2026,29,76.265
2026,30,73.592
2026,31,70.35600000000001
2026,32,66.626
2026,33,62.92
2026,34,59.175
2026,35,54.813
2026,36,49.24
2026,37,43.4
2026,38,37.39
2026,39,30.967
2026,40,23.861
2026,41,17.791999999999998
2026,42,12.486
2026,43,8.17
2026,44,4.882
2026,45,2.323
2026,46,1.048
2026,47,0.367
2026,48,0.114
2026,49,0.015
2027,15,13.024
2027,16,24.253
2027,17,37.163
2027,18,50.518
2027,19,60.856
2027,20,67.69
2027,21,72.526
2027,22,75.75
2027,23,77.966
2027,24,79.271
2027,25,79.697
2027,26,79.29799999999999
2027,27,78.661
2027,28,77.79899999999999
2027,29,76.179
2027,30,73.63300000000001
2027,31,70.524
2027,32,66.91900000000001
2027,33,63.349
2027,34,59.744
2027,35,55.487
2027,36,49.943
2027,37,44.098
2027,38,38.051
2027,39,31.558000000000003
2027,40,24.334000000000003
2027,41,18.166
2027,42,12.762
2027,43,8.361
2027,44,4.998
2027,45,2.372
2027,46,1.049
2027,47,0.358
2027,48,0.11
2027,49,0.015
2028,15,12.509
2028,16,23.362
2028,17,35.929
2028,18,49.034
2028,19,59.32
2028,20,66.30999999999999
2028,21,71.378
2028,22,74.864
2028,23,77.299
2028,24,78.75999999999999
2028,25,79.295
2028,26,78.972
2028,27,78.423
2028,28,77.67
2028,29,76.168
2028,30,73.74600000000001
2028,31,70.758
2028,32,67.271
2028,33,63.831
2028,34,60.361
2028,35,56.201
2028,36,50.681999999999995
2028,37,44.826
2028,38,38.736
2028,39,32.168
2028,40,24.822
2028,41,18.549
2028,42,13.046
2028,43,8.556
2028,44,5.116
2028,45,2.422
2028,46,1.052
2028,47,0.35
2028,48,0.107
2028,49,0.014
2029,15,12.035
2029,16,22.545
2029,17,34.802
2029,18,47.684
2029,19,57.935
2029,20,65.08
2029,21,70.37899999999999
2029,22,74.125
2029,23,76.782
2029,24,78.402
2029,25,79.04899999999999
2029,26,78.807
2029,27,78.347
2029,28,77.70100000000001
2029,29,76.315
2029,30,74.011
2029,31,71.137
2029,32,67.759
2029,33,64.437
2029,34,61.092
2029,35,57.02
2029,36,51.512
2029,37,45.633
2029,38,39.489999999999995
2029,39,32.834
2029,40,25.353
2029,41,18.965
2029,42,13.352
2029,43,8.765
2029,44,5.243
2029,45,2.477
2029,46,1.057
2029,47,0.3429999999999999
2029,48,0.103
2029,49,0.014
2030,15,11.573
2030,16,21.75
2030,17,33.7
2030,18,46.358
2030,19,56.564
2030,20,63.852999999999994
2030,21,69.37
2030,22,73.367
2030,23,76.24000000000001
2030,24,78.02000000000001
2030,25,78.78200000000001
2030,26,78.626
2030,27,78.258
2030,28,77.722
2030,29,76.45100000000001
2030,30,74.265
2030,31,71.504
2030,32,68.233
2030,33,65.029
2030,34,61.805
2030,35,57.819
2030,36,52.324000000000005
2030,37,46.422
2030,38,40.226
2030,39,33.485
2030,40,25.871
2030,41,19.369999999999997
2030,42,13.65
2030,43,8.969
2030,44,5.3660000000000005
2030,45,2.5309999999999997
2030,46,1.0610000000000002
2030,47,0.3359999999999999
2030,48,0.1
2030,49,0.014
2031,15,11.125
2031,16,20.977
2031,17,32.626000000000005
2031,18,45.06
2031,19,55.215
2031,20,62.635
2031,21,68.36
2031,22,72.599
2031,23,75.684
2031,24,77.62299999999999
2031,25,78.504
2031,26,78.43700000000001
2031,27,78.166
2031,28,77.74000000000001
2031,29,76.587
2031,30,74.518
2031,31,71.868
2031,32,68.702
2031,33,65.611
2031,34,62.50699999999999
2031,35,58.604000000000006
2031,36,53.121
2031,37,47.196000000000005
2031,38,40.948
2031,39,34.122
2031,40,26.378
2031,41,19.767
2031,42,13.942
2031,43,9.169
2031,44,5.487
2031,45,2.5829999999999997
2031,46,1.066
2031,47,0.33
2031,48,0.098
2031,49,0.013
2032,15,10.683
2032,16,20.212
2032,17,31.558000000000003
2032,18,43.758
2032,19,53.85
2032,20,61.383
2032,21,67.29899999999999
2032,22,71.768
2032,23,75.059
2032,24,77.157
2032,25,78.158
2032,26,78.186
2032,27,78.013
2032,28,77.70100000000001
2032,29,76.664
2032,30,74.715
2032,31,72.176
2032,32,69.11399999999999
2032,33,66.137
2032,34,63.151
2032,35,59.332
2032,36,53.862
2032,37,47.919
2032,38,41.624
2032,39,34.721000000000004
2032,40,26.855
2032,41,20.14
2032,42,14.217
2032,43,9.357
2032,44,5.602
2032,45,2.633
2032,46,1.0690000000000002
2032,47,0.324
2032,48,0.095
2032,49,0.013
2033,15,10.274
2033,16,19.505000000000003
2033,17,30.574
2033,18,42.562999999999995
2033,19,52.602999999999994
2033,20,60.252
2033,21,66.36
2033,22,71.05799999999999
2033,23,74.556
2033,24,76.816
2033,25,77.943
2033,26,78.069
2033,27,77.997
2033,28,77.79899999999999
2033,29,76.879
2033,30,75.044
2033,31,72.61099999999999
2033,32,69.645
2033,33,66.773
2033,34,63.895999999999994
2033,35,60.151999999999994
2033,36,54.684999999999995
2033,37,48.712
2033,38,42.359
2033,39,35.367999999999995
2033,40,27.366999999999997
2033,41,20.54
2033,42,14.509
2033,43,9.557
2033,44,5.723
2033,45,2.686
2033,46,1.075
2033,47,0.319
2033,48,0.093
2033,49,0.013
2034,15,9.877
2034,16,18.82
2034,17,29.617
2034,18,41.397000000000006
2034,19,51.379
2034,20,59.133
2034,21,65.423
2034,22,70.342
2034,23,74.044
2034,24,76.46600000000001
2034,25,77.721
2034,26,77.95
2034,27,77.984
2034,28,77.902
2034,29,77.099
2034,30,75.378
2034,31,73.048
2034,32,70.177
2034,33,67.405
2034,34,64.63499999999999
2034,35,60.961
2034,36,55.495999999999995
2034,37,49.492
2034,38,43.081
2034,39,36.002
2034,40,27.869
2034,41,20.93
2034,42,14.795000000000002
2034,43,9.752
2034,44,5.841
2034,45,2.7390000000000003
2034,46,1.08
2034,47,0.314
2034,48,0.091
2034,49,0.013
2035,15,9.489
2035,16,18.148
2035,17,28.675
2035,18,40.239999999999995
2035,19,50.157
2035,20,58.004
2035,21,64.462
2035,22,69.593
2035,23,73.492
2035,24,76.07700000000001
2035,25,77.46300000000001
2035,26,77.79899999999999
2035,27,77.941
2035,28,77.976
2035,29,77.291
2035,30,75.685
2035,31,73.458
2035,32,70.679
2035,33,68.007
2035,34,65.339
2035,35,61.735
2035,36,56.271
2035,37,50.236999999999995
2035,38,43.77
2035,39,36.607
2035,40,28.348000000000003
2035,41,21.302999999999997
2035,42,15.068
2035,43,9.938
2035,44,5.954
2035,45,2.7889999999999997
2035,46,1.085
2035,47,0.309
2035,48,0.089
2035,49,0.013
2036,15,9.117
2036,16,17.503
2036,17,27.767
2036,18,39.124
2036,19,48.973000000000006
2036,20,56.904999999999994
2036,21,63.523999999999994
2036,22,68.86
2036,23,72.95500000000001
2036,24,75.70200000000001
2036,25,77.222
2036,26,77.67
2036,27,77.923
2036,28,78.07799999999999
2036,29,77.511
2036,30,76.019
2036,31,73.893
2036,32,71.202
2036,33,68.625
2036,34,66.055
2036,35,62.515
2036,36,57.048
2036,37,50.982
2036,38,44.458
2036,39,37.209
2036,40,28.824
2036,41,21.672
2036,42,15.336
2036,43,10.121
2036,44,6.065
2036,45,2.839
2036,46,1.09
2036,47,0.306
2036,48,0.088
2036,49,0.012
2037,15,8.767000000000001
2037,16,16.897
2037,17,26.918
2037,18,38.080000000000005
2037,19,47.869
2037,20,55.885
2037,21,62.663999999999994
2037,22,68.20400000000001
2037,23,72.495
2037,24,75.409
2037,25,77.067
2037,26,77.631
2037,27,78.0
2037,28,78.277
2037,29,77.827
2037,30,76.447
2037,31,74.41799999999999
2037,32,71.81
2037,33,69.32000000000001
2037,34,66.842
2037,35,63.358
2037,36,57.88
2037,37,51.772
2037,38,45.182
2037,39,37.84
2037,40,29.32
2037,41,22.055000000000003
2037,42,15.615
2037,43,10.31
2037,44,6.178999999999999
2037,45,2.891
2037,46,1.0970000000000002
2037,47,0.302
2037,48,0.086
2037,49,0.012
2038,15,8.433
2038,16,16.32
2038,17,26.106
2038,18,37.081
2038,19,46.811
2038,20,54.908
2038,21,61.842
2038,22,67.581
2038,23,72.06700000000001
2038,24,75.14999999999999
2038,25,76.95100000000001
2038,26,77.637
2038,27,78.124
2038,28,78.526
2038,29,78.194
2038,30,76.92599999999999
2038,31,74.99
2038,32,72.461
2038,33,70.054
2038,34,67.661
2038,35,64.227
2038,36,58.732
2038,37,52.578
2038,38,45.916
2038,39,38.478
2038,40,29.821
2038,41,22.441
2038,42,15.893999999999998
2038,43,10.498
2038,44,6.2940000000000005
2038,45,2.944
2038,46,1.104
2038,47,0.299
2038,48,0.085
2038,49,0.012
2039,15,8.092
2039,16,15.726
2039,17,25.263
2039,18,36.028
2039,19,45.676
2039,20,53.827
2039,21,60.892
2039,22,66.812
2039,23,71.48100000000001
2039,24,74.726
2039,25,76.668
2039,26,77.47800000000001
2039,27,78.087
2039,28,78.614
2039,29,78.403
2039,30,77.24799999999999
2039,31,75.409
2039,32,72.961
2039,33,70.638
2039,34,68.33
2039,35,64.94900000000001
2039,36,59.446
2039,37,53.256
2039,38,46.538
2039,39,39.019
2039,40,30.246
2039,41,22.768
2039,42,16.131
2039,43,10.658
2039,44,6.391
2039,45,2.989
2039,46,1.109
2039,47,0.296
2039,48,0.0839999999999999
2039,49,0.012
2040,15,7.779999999999999
2040,16,15.184
2040,17,24.496
2040,18,35.076
2040,19,44.658
2040,20,52.873000000000005
2040,21,60.075
2040,22,66.181
2040,23,71.037
2040,24,74.45100000000001
2040,25,76.542
2040,26,77.48299999999999
2040,27,78.21799999999999
2040,28,78.874
2040,29,78.783
2040,30,77.74000000000001
2040,31,75.992
2040,32,73.616
2040,33,71.368
2040,34,69.135
2040,35,65.795
2040,36,60.27
2040,37,54.03
2040,38,47.239
2040,39,39.625
2040,40,30.719
2040,41,23.130000000000003
2040,42,16.392
2040,43,10.834
2040,44,6.498
2040,45,3.039
2040,46,1.116
2040,47,0.294
2040,48,0.083
2040,49,0.012
2041,15,7.466
2041,16,14.636
2041,17,23.712
2041,18,34.092999999999996
2041,19,43.59
2041,20,51.846999999999994
2041,21,59.168
2041,22,65.44200000000001
2041,23,70.475
2041,24,74.053
2041,25,76.292
2041,26,77.367
2041,27,78.22999999999999
2041,28,79.015
2041,29,79.04700000000001
2041,30,78.116
2041,31,76.46
2041,32,74.157
2041,33,71.98400000000001
2041,34,69.825
2041,35,66.526
2041,36,60.983999999999995
2041,37,54.701
2041,38,47.847
2041,39,40.15
2041,40,31.129
2041,41,23.444
2041,42,16.617
2041,43,10.985
2041,44,6.590000000000001
2041,45,3.0820000000000003
2041,46,1.122
2041,47,0.292
2041,48,0.082
2041,49,0.012
2042,15,7.156
2042,16,14.092
2042,17,22.931
2042,18,33.103
2042,19,42.504
2042,20,50.789
2042,21,58.212
2042,22,64.64200000000001
2042,23,69.842
2042,24,73.58099999999999
2042,25,75.96799999999999
2042,26,77.179
2042,27,78.173
2042,28,79.08900000000001
2042,29,79.243
2042,30,78.425
2042,31,76.861
2042,32,74.631
2042,33,72.529
2042,34,70.441
2042,35,67.18100000000001
2042,36,61.623
2042,37,55.301
2042,38,48.391000000000005
2042,39,40.619
2042,40,31.493
2042,41,23.721
2042,42,16.815
2042,43,11.118
2042,44,6.671
2042,45,3.121
2042,46,1.126
2042,47,0.29
2042,48,0.081
2042,49,0.012
2043,15,6.862
2043,16,13.576
2043,17,22.189
2043,18,32.163
2043,19,41.471
2043,20,49.782
2043,21,57.305
2043,22,63.887
2043,23,69.255
2043,24,73.156
2043,25,75.696
2043,26,77.048
2043,27,78.176
2043,28,79.227
2043,29,79.504
2043,30,78.798
2043,31,77.322
2043,32,75.159
2043,33,73.12299999999999
2043,34,71.098
2043,35,67.87
2043,36,62.288999999999994
2043,37,55.921
2043,38,48.947
2043,39,41.095
2043,40,31.862
2043,41,24.0
2043,42,17.014000000000003
2043,43,11.25
2043,44,6.751
2043,45,3.161
2043,46,1.131
2043,47,0.288
2043,48,0.081
2043,49,0.012
2044,15,6.5760000000000005
2044,16,13.07
2044,17,21.458
2044,18,31.231
2044,19,40.440999999999995
2044,20,48.766
2044,21,56.376999999999995
2044,22,63.102
2044,23,68.63
2044,24,72.691
2044,25,75.384
2044,26,76.881
2044,27,78.14599999999999
2044,28,79.332
2044,29,79.732
2044,30,79.139
2044,31,77.751
2044,32,75.65299999999999
2044,33,73.678
2044,34,71.711
2044,35,68.51
2044,36,62.905
2044,37,56.492
2044,38,49.458
2044,39,41.531
2044,40,32.197
2044,41,24.253
2044,42,17.192
2044,43,11.368
2044,44,6.824
2044,45,3.198
2044,46,1.136
2044,47,0.287
2044,48,0.08
2044,49,0.012
2045,15,6.295
2045,16,12.573
2045,17,20.735
2045,18,30.302
2045,19,39.403
2045,20,47.73
2045,21,55.416
2045,22,62.271
2045,23,67.951
2045,24,72.16799999999999
2045,25,75.014
2045,26,76.658
2045,27,78.06200000000001
2045,28,79.38499999999999
2045,29,79.90899999999999
2045,30,79.428
2045,31,78.126
2045,32,76.09100000000001
2045,33,74.174
2045,34,72.26
2045,35,69.083
2045,36,63.455
2045,37,56.999
2045,38,49.909
2045,39,41.913
2045,40,32.489999999999995
2045,41,24.472
2045,42,17.345
2045,43,11.469
2045,44,6.885
2045,45,3.23
2045,46,1.14
2045,47,0.285
2045,48,0.08
2045,49,0.012
2046,15,6.035
2046,16,12.115
2046,17,20.07
2046,18,29.451
2046,19,38.459
2046,20,46.795
2046,21,54.562
2046,22,61.552
2046,23,67.39
2046,24,71.771
2046,25,74.777
2046,26,76.575
2046,27,78.124
2046,28,79.587
2046,29,80.23700000000001
2046,30,79.868
2046,31,78.64699999999999
2046,32,76.668
2046,33,74.80000000000001
2046,34,72.92999999999999
2046,35,69.765
2046,36,64.10000000000001
2046,37,57.586
2046,38,50.425
2046,39,42.348
2046,40,32.821000000000005
2046,41,24.718
2046,42,17.517000000000003
2046,43,11.581
2046,44,6.954
2046,45,3.266
2046,46,1.146
2046,47,0.285
2046,48,0.08
2046,49,0.012
2047,15,5.777
2047,16,11.656
2047,17,19.399
2047,18,28.583
2047,19,37.482
2047,20,45.811
2047,21,53.641
2047,22,60.75
2047,23,66.733
2047,24,71.27
2047,25,74.435
2047,26,76.38799999999999
2047,27,78.084
2047,28,79.687
2047,29,80.46300000000001
2047,30,80.205
2047,31,79.066
2047,32,77.141
2047,33,75.321
2047,34,73.49
2047,35,70.335
2047,36,64.636
2047,37,58.071
2047,38,50.849
2047,39,42.702
2047,40,33.088
2047,41,24.914
2047,42,17.652
2047,43,11.668
2047,44,7.007000000000001
2047,45,3.2950000000000004
2047,46,1.1509999999999998
2047,47,0.284
2047,48,0.079
2047,49,0.012
2048,15,5.5329999999999995
2048,16,11.221
2048,17,18.763
2048,18,27.76
2048,19,36.556
2048,20,44.878
2048,21,52.77
2048,22,59.997
2048,23,66.126
2048,24,70.822
2048,25,74.149
2048,26,76.26299999999999
2048,27,78.109
2048,28,79.857
2048,29,80.76
2048,30,80.613
2048,31,79.553
2048,32,77.67699999999999
2048,33,75.896
2048,34,74.098
2048,35,70.94300000000001
2048,36,65.201
2048,37,58.577
2048,38,51.288
2048,39,43.065
2048,40,33.36
2048,41,25.112
2048,42,17.787
2048,43,11.754
2048,44,7.0600000000000005
2048,45,3.3249999999999997
2048,46,1.156
2048,47,0.284
2048,48,0.079
2048,49,0.013
2049,15,5.2909999999999995
2049,16,10.788
2049,17,18.124
2049,18,26.926
2049,19,35.607
2049,20,43.906
2049,21,51.844
2049,22,59.172
2049,23,65.43499999999999
2049,24,70.284
2049,25,73.771
2049,26,76.047
2049,27,78.045
2049,28,79.937
2049,29,80.966
2049,30,80.93
2049,31,79.94800000000001
2049,32,78.119
2049,33,76.376
2049,34,74.604
2049,35,71.447
2049,36,65.666
2049,37,58.988
2049,38,51.638000000000005
2049,39,43.351
2049,40,33.571
2049,41,25.263
2049,42,17.886
2049,43,11.816
2049,44,7.098
2049,45,3.349
2049,46,1.16
2049,47,0.284
2049,48,0.08
2049,49,0.013
2050,15,5.063
2050,16,10.38
2050,17,17.520999999999997
2050,18,26.137
2050,19,34.71
2050,20,42.986999999999995
2050,21,50.971
2050,22,58.401
2050,23,64.79899999999999
2050,24,69.804
2050,25,73.45500000000001
2050,26,75.899
2050,27,78.05199999999999
2050,28,80.092
2050,29,81.25
2050,30,81.324
2050,31,80.417
2050,32,78.631
2050,33,76.917
2050,34,75.164
2050,35,71.994
2050,36,66.165
2050,37,59.425
2050,38,52.006
2050,39,43.649
2050,40,33.79
2050,41,25.417
2050,42,17.987
2050,43,11.878
2050,44,7.136
2050,45,3.3739999999999997
2050,46,1.165
2050,47,0.284
2050,48,0.08
2050,49,0.013
2051,15,4.852
2051,16,10.002
2051,17,16.965
2051,18,25.412
2051,19,33.888
2051,20,42.153000000000006
2051,21,50.188
2051,22,57.726
2051,23,64.266
2051,24,69.434
2051,25,73.257
2051,26,75.876
2051,27,78.193
2051,28,80.386
2051,29,81.675
2051,30,81.86
2051,31,81.024
2051,32,79.273
2051,33,77.581
2051,34,75.836
2051,35,72.643
2051,36,66.75
2051,37,59.933
2051,38,52.434000000000005
2051,39,43.992
2051,40,34.042
2051,41,25.594
2051,42,18.103
2051,43,11.95
2051,44,7.18
2051,45,3.402
2051,46,1.1720000000000002
2051,47,0.285
2051,48,0.08
2051,49,0.013
2052,15,4.646
2052,16,9.632
2052,17,16.416
2052,18,24.692
2052,19,33.067
2052,20,41.309
2052,21,49.387
2052,22,57.022000000000006
2052,23,63.697
2052,24,69.024
2052,25,73.021
2052,26,75.817
2052,27,78.3
2052,28,80.648
2052,29,82.069
2052,30,82.365
2052,31,81.598
2052,32,79.88000000000001
2052,33,78.204
2052,34,76.461
2052,35,73.238
2052,36,67.28
2052,37,60.388
2052,38,52.809000000000005
2052,39,44.289
2052,40,34.256
2052,41,25.741
2052,42,18.196
2052,43,12.005
2052,44,7.214
2052,45,3.4259999999999997
2052,46,1.1789999999999998
2052,47,0.286
2052,48,0.081
2052,49,0.014
2053,15,4.445
2053,16,9.269
2053,17,15.875
2053,18,23.978
2053,19,32.245000000000005
2053,20,40.455
2053,21,48.564
2053,22,56.287
2053,23,63.087
2053,24,68.57000000000001
2053,25,72.739
2053,26,75.71600000000001
2053,27,78.366
2053,28,80.87
2053,29,82.425
2053,30,82.831
2053,31,82.13199999999999
2053,32,80.443
2053,33,78.778
2053,34,77.031
2053,35,73.77300000000001
2053,36,67.748
2053,37,60.781
2053,38,53.126
2053,39,44.534
2053,40,34.427
2053,41,25.854
2053,42,18.264
2053,43,12.043
2053,44,7.238
2053,45,3.4459999999999997
2053,46,1.184
2053,47,0.288
2053,48,0.082
2053,49,0.014
2054,15,4.256
2054,16,8.926
2054,17,15.363
2054,18,23.301
2054,19,31.466
2054,20,39.647
2054,21,47.788
2054,22,55.599
2054,23,62.527
2054,24,68.169
2054,25,72.515
2054,26,75.678
2054,27,78.502
2054,28,81.167
2054,29,82.857
2054,30,83.37400000000001
2054,31,82.74
2054,32,81.07499999999999
2054,33,79.414
2054,34,77.653
2054,35,74.35
2054,36,68.24900000000001
2054,37,61.197
2054,38,53.459
2054,39,44.789
2054,40,34.605
2054,41,25.97
2054,42,18.332
2054,43,12.08
2054,44,7.261
2054,45,3.4659999999999997
2054,46,1.191
2054,47,0.289
2054,48,0.083
2054,49,0.014
2055,15,4.077
2055,16,8.603
2055,17,14.883
2055,18,22.666
2055,19,30.737
2055,20,38.892999999999994
2055,21,47.068
2055,22,54.968999999999994
2055,23,62.029
2055,24,67.836
2055,25,72.365
2055,26,75.723
2055,27,78.727
2055,28,81.55900000000001
2055,29,83.387
2055,30,84.01599999999999
2055,31,83.44500000000001
2055,32,81.797
2055,33,80.133
2055,34,78.348
2055,35,74.988
2055,36,68.8
2055,37,61.653
2055,38,53.822
2055,39,45.064
2055,40,34.796
2055,41,26.095
2055,42,18.405
2055,43,12.119
2055,44,7.285
2055,45,3.4880000000000004
2055,46,1.199
2055,47,0.292
2055,48,0.0839999999999999
2055,49,0.015
2056,15,3.902
2056,16,8.283999999999999
2056,17,14.404
2056,18,22.028
2056,19,29.996
2056,20,38.116
2056,21,46.314
2056,22,54.292
2056,23,61.474
2056,24,67.439
2056,25,72.15100000000001
2056,26,75.703
2056,27,78.889
2056,28,81.88900000000001
2056,29,83.855
2056,30,84.595
2056,31,84.086
2056,32,82.453
2056,33,80.78
2056,34,78.96499999999999
2056,35,75.54299999999999
2056,36,69.268
2056,37,62.029
2056,38,54.11
2056,39,45.274
2056,40,34.935
2056,41,26.178
2056,42,18.447000000000003
2056,43,12.137
2056,44,7.296
2056,45,3.504
2056,46,1.206
2056,47,0.295
2056,48,0.085
2056,49,0.015
2057,15,3.732
2057,16,7.972
2057,17,13.932
2057,18,21.395
2057,19,29.256
2057,20,37.331
2057,21,45.542
2057,22,53.587999999999994
2057,23,60.884
2057,24,67.00399999999999
2057,25,71.896
2057,26,75.646
2057,27,79.016
2057,28,82.184
2057,29,84.29
2057,30,85.14099999999999
2057,31,84.691
2057,32,83.069
2057,33,81.38199999999999
2057,34,79.53
2057,35,76.03999999999999
2057,36,69.676
2057,37,62.345
2057,38,54.341
2057,39,45.433
2057,40,35.033
2057,41,26.228
2057,42,18.464
2057,43,12.138
2057,44,7.298
2057,45,3.516
2057,46,1.213
2057,47,0.297
2057,48,0.086
2057,49,0.016
2058,15,3.57
2058,16,7.674
2058,17,13.48
2058,18,20.789
2058,19,28.545
2058,20,36.576
2058,21,44.799
2058,22,52.911
2058,23,60.32
2058,24,66.596
2058,25,71.674
2058,26,75.627
2058,27,79.186
2058,28,82.527
2058,29,84.775
2058,30,85.738
2058,31,85.345
2058,32,83.729
2058,33,82.02
2058,34,80.121
2058,35,76.554
2058,36,70.093
2058,37,62.663
2058,38,54.569
2058,39,45.586
2058,40,35.124
2058,41,26.271
2058,42,18.476
2058,43,12.135
2058,44,7.296
2058,45,3.528
2058,46,1.22
2058,47,0.301
2058,48,0.088
2058,49,0.016
2059,15,3.414
2059,16,7.387
2059,17,13.045
2059,18,20.202
2059,19,27.854
2059,20,35.837
2059,21,44.068000000000005
2059,22,52.242
2059,23,59.762
2059,24,66.194
2059,25,71.458
2059,26,75.619
2059,27,79.372
2059,28,82.89
2059,29,85.28099999999999
2059,30,86.357
2059,31,86.018
2059,32,84.403
2059,33,82.666
2059,34,80.712
2059,35,77.058
2059,36,70.494
2059,37,62.961000000000006
2059,38,54.775
2059,39,45.716
2059,40,35.196
2059,41,26.298
2059,42,18.474
2059,43,12.122000000000002
2059,44,7.289000000000001
2059,45,3.5370000000000004
2059,46,1.228
2059,47,0.304
2059,48,0.089
2059,49,0.017
2060,15,3.27
2060,16,7.122
2060,17,12.641
2060,18,19.66
2060,19,27.219
2060,20,35.164
2060,21,43.411
2060,22,51.654
2060,23,59.291999999999994
2060,24,65.88900000000001
2060,25,71.351
2060,26,75.729
2060,27,79.686
2060,28,83.39
2060,29,85.93
2060,30,87.12
2060,31,86.83399999999999
2060,32,85.213
2060,33,83.437
2060,34,81.417
2060,35,77.66199999999999
2060,36,70.979
2060,37,63.328
2060,38,55.036
2060,39,45.889
2060,40,35.298
2060,41,26.346
2060,42,18.486
2060,43,12.117
2060,44,7.286
2060,45,3.5500000000000003
2060,46,1.237
2060,47,0.309
2060,48,0.092
2060,49,0.017
2061,15,3.127
2061,16,6.855
2061,17,12.233
2061,18,19.105
2061,19,26.561
2061,20,34.454
2061,21,42.7
2061,22,50.997
2061,23,58.739
2061,24,65.491
2061,25,71.144
2061,26,75.739
2061,27,79.899
2061,28,83.787
2061,29,86.475
2061,30,87.779
2061,31,87.542
2061,32,85.913
2061,33,84.09400000000001
2061,34,82.001
2061,35,78.14200000000001
2061,36,71.343
2061,37,63.582
2061,38,55.194
2061,39,45.972
2061,40,35.33
2061,41,26.339
2061,42,18.458
2061,43,12.085
2061,44,7.267
2061,45,3.555
2061,46,1.245
2061,47,0.313
2061,48,0.094
2061,49,0.018
2062,15,2.987
2062,16,6.593
2062,17,11.828
2062,18,18.551
2062,19,25.897
2062,20,33.729
2062,21,41.963
2062,22,50.302
2062,23,58.139
2062,24,65.04
2062,25,70.881
2062,26,75.693
2062,27,80.056
2062,28,84.12899999999999
2062,29,86.965
2062,30,88.381
2062,31,88.193
2062,32,86.551
2062,33,84.684
2062,34,82.51
2062,35,78.541
2062,36,71.628
2062,37,63.758
2062,38,55.279
2062,39,45.991
2062,40,35.31
2062,41,26.293
2062,42,18.402
2062,43,12.034
2062,44,7.236000000000001
2062,45,3.555
2062,46,1.252
2062,47,0.318
2062,48,0.096
2062,49,0.019
2063,15,2.8579999999999997
2063,16,6.352
2063,17,11.459
2063,18,18.047
2063,19,25.298
2063,20,33.08
2063,21,41.315
2063,22,49.707
2063,23,57.65
2063,24,64.712
2063,25,70.75399999999999
2063,26,75.796
2063,27,80.376
2063,28,84.645
2063,29,87.637
2063,30,89.169
2063,31,89.026
2063,32,87.364
2063,33,85.437
2063,34,83.16900000000001
2063,35,79.07400000000001
2063,36,72.02600000000001
2063,37,64.029
2063,38,55.442
2063,39,46.072
2063,40,35.336
2063,41,26.278
2063,42,18.366
2063,43,11.995
2063,44,7.213
2063,45,3.5599999999999996
2063,46,1.261
2063,47,0.324
2063,48,0.098
2063,49,0.02
2064,15,2.735
2064,16,6.123
2064,17,11.105
2064,18,17.564
2064,19,24.723
2064,20,32.457
2064,21,40.693
2064,22,49.137
2064,23,57.187000000000005
2064,24,64.41199999999999
2064,25,70.661
2064,26,75.94
2064,27,80.744
2064,28,85.215
2064,29,88.366
2064,30,90.016
2064,31,89.91499999999999
2064,32,88.227
2064,33,86.232
2064,34,83.85900000000001
2064,35,79.62700000000001
2064,36,72.436
2064,37,64.305
2064,38,55.604
2064,39,46.148
2064,40,35.357
2064,41,26.257
2064,42,18.325
2064,43,11.952
2064,44,7.188
2064,45,3.563
2064,46,1.271
2064,47,0.33
2064,48,0.101
2064,49,0.0209999999999999
2065,15,2.613
2065,16,5.8919999999999995
2065,17,10.745
2065,18,17.067
2065,19,24.122
2065,20,31.794000000000004
2065,21,40.013
2065,22,48.492
2065,23,56.632000000000005
2065,24,64.008
2065,25,70.455
2065,26,75.96799999999999
2065,27,80.993
2065,28,85.663
2065,29,88.97099999999999
2065,30,90.736
2065,31,90.677
2065,32,88.959
2065,33,86.89099999999999
2065,34,84.408
2065,35,80.036
2065,36,72.707
2065,37,64.451
2065,38,55.65
2065,39,46.123999999999995
2065,40,35.299
2065,41,26.177
2065,42,18.24
2065,43,11.880999999999998
2065,44,7.1450000000000005
2065,45,3.559
2065,46,1.279
2065,47,0.3359999999999999
2065,48,0.104
2065,49,0.022
2066,15,2.494
2066,16,5.664
2066,17,10.387
2066,18,16.569
2066,19,23.514
2066,20,31.115
2066,21,39.307
2066,22,47.809
2066,23,56.029
2066,24,63.547999999999995
2066,25,70.19
2066,26,75.935
2066,27,81.181
2066,28,86.05
2066,29,89.515
2066,30,91.395
2066,31,91.373
2066,32,89.62299999999999
2066,33,87.476
2066,34,84.875
2066,35,80.358
2066,36,72.892
2066,37,64.515
2066,38,55.619
2066,39,46.032999999999994
2066,40,35.187999999999995
2066,41,26.056
2066,42,18.127
2066,43,11.789
2066,44,7.09
2066,45,3.5500000000000003
2066,46,1.287
2066,47,0.3429999999999999
2066,48,0.108
2066,49,0.023
2067,15,2.383
2067,16,5.4510000000000005
2067,17,10.053
2067,18,16.102999999999998
2067,19,22.948
2067,20,30.484
2067,21,38.655
2067,22,47.184999999999995
2067,23,55.491
2067,24,63.162
2067,25,70.006
2067,26,75.99499999999999
2067,27,81.47200000000001
2067,28,86.55
2067,29,90.177
2067,30,92.174
2067,31,92.189
2067,32,90.398
2067,33,88.162
2067,34,85.43
2067,35,80.753
2067,36,73.137
2067,37,64.626
2067,38,55.624
2067,39,45.969
2067,40,35.096000000000004
2067,41,25.947000000000003
2067,42,18.020999999999997
2067,43,11.703
2067,44,7.037
2067,45,3.542
2067,46,1.295
2067,47,0.35
2067,48,0.111
2067,49,0.024
2068,15,2.2729999999999997
2068,16,5.24
2068,17,9.719
2068,18,15.635
2068,19,22.371
2068,20,29.833
2068,21,37.971
2068,22,46.517
2068,23,54.897
2068,24,62.709
2068,25,69.75
2068,26,75.98
2068,27,81.688
2068,28,86.97399999999999
2068,29,90.762
2068,30,92.875
2068,31,92.922
2068,32,91.087
2068,33,88.756
2068,34,85.887
2068,35,81.046
2068,36,73.282
2068,37,64.643
2068,38,55.544
2068,39,45.832
2068,40,34.946999999999996
2068,41,25.794
2068,42,17.883
2068,43,11.595
2068,44,6.9719999999999995
2068,45,3.528
2068,46,1.303
2068,47,0.358
2068,48,0.115
2068,49,0.026
2069,15,2.173
2069,16,5.047000000000001
2069,17,9.413
2069,18,15.207999999999998
2069,19,21.849
2069,20,29.249
2069,21,37.365
2069,22,45.939
2069,23,54.405
2069,24,62.372
2069,25,69.625
2069,26,76.112
2069,27,82.066
2069,28,87.573
2069,29,91.532
2069,30,93.766
2069,31,93.844
2069,32,91.955
2069,33,89.517
2069,34,86.494
2069,35,81.47200000000001
2069,36,73.53899999999999
2069,37,64.753
2069,38,55.54
2069,39,45.753
2069,40,34.840999999999994
2069,41,25.672
2069,42,17.766000000000002
2069,43,11.499
2069,44,6.915
2069,45,3.519
2069,46,1.313
2069,47,0.366
2069,48,0.119
2069,49,0.027
2070,15,2.074
2070,16,4.854
2070,17,9.107
2070,18,14.775
2070,19,21.315
2070,20,28.642
2070,21,36.726
2070,22,45.313
2070,23,53.853
2070,24,61.964
2070,25,69.422
2070,26,76.164
2070,27,82.363
2070,28,88.09
2070,29,92.218
2070,30,94.57
2070,31,94.676
2070,32,92.73
2070,33,90.178
2070,34,86.99600000000001
2070,35,81.788
2070,36,73.69000000000001
2070,37,64.764
2070,38,55.446000000000005
2070,39,45.598
2070,40,34.67400000000001
2070,41,25.504
2070,42,17.616
2070,43,11.383
2070,44,6.844
2070,45,3.503
2070,46,1.322
2070,47,0.375
2070,48,0.124
2070,49,0.029
2071,15,1.979
2071,16,4.6690000000000005
2071,17,8.811
2071,18,14.357
2071,19,20.797
2071,20,28.051
2071,21,36.1
2071,22,44.699000000000005
2071,23,53.31
2071,24,61.565000000000005
2071,25,69.232
2071,26,76.23299999999999
2071,27,82.682
2071,28,88.634
2071,29,92.935
2071,30,95.408
2071,31,95.539
2071,32,93.529
2071,33,90.855
2071,34,87.502
2071,35,82.098
2071,36,73.82900000000001
2071,37,64.758
2071,38,55.334
2071,39,45.425
2071,40,34.493
2071,41,25.324
2071,42,17.457
2071,43,11.259
2071,44,6.77
2071,45,3.486
2071,46,1.331
2071,47,0.3849999999999999
2071,48,0.129
2071,49,0.031
2072,15,1.891
2072,16,4.497
2072,17,8.534999999999998
2072,18,13.966
2072,19,20.313
2072,20,27.501
2072,21,35.520999999999994
2072,22,44.138
2072,23,52.827
2072,24,61.235
2072,25,69.119
2072,26,76.393
2072,27,83.105
2072,28,89.294
2072,29,93.775
2072,30,96.372
2072,31,96.525
2072,32,94.443
2072,33,91.635
2072,34,88.097
2072,35,82.481
2072,36,74.027
2072,37,64.79799999999999
2072,38,55.256
2072,39,45.277
2072,40,34.33
2072,41,25.156
2072,42,17.305999999999997
2072,43,11.141
2072,44,6.698
2072,45,3.47
2072,46,1.342
2072,47,0.3959999999999999
2072,48,0.134
2072,49,0.033
2073,15,1.803
2073,16,4.3229999999999995
2073,17,8.254
2073,18,13.565
2073,19,19.81
2073,20,26.92
2073,21,34.896
2073,22,43.513000000000005
2073,23,52.264
2073,24,60.81
2073,25,68.90100000000001
2073,26,76.44099999999999
2073,27,83.412
2073,28,89.833
2073,29,94.491
2073,30,97.209
2073,31,97.381
2073,32,95.224
2073,33,92.277
2073,34,88.548
2073,35,82.72
2073,36,74.087
2073,37,64.712
2073,38,55.067
2073,39,45.035
2073,40,34.094
2073,41,24.934
2073,42,17.117
2073,43,10.998
2073,44,6.611
2073,45,3.447
2073,46,1.351
2073,47,0.407
2073,48,0.1399999999999999
2073,49,0.0349999999999999
2074,15,1.723
2074,16,4.165
2074,17,7.998999999999999
2074,18,13.203
2074,19,19.36
2074,20,26.405
2074,21,34.351
2074,22,42.984
2074,23,51.811
2074,24,60.513
2074,25,68.82900000000001
2074,26,76.655
2074,27,83.90499999999999
2074,28,90.577
2074,29,95.425
2074,30,98.27
2074,31,98.459
2074,32,96.216
2074,33,93.114
2074,34,89.176
2074,35,83.11399999999999
2074,36,74.28
2074,37,64.736
2074,38,54.967
2074,39,44.864
2074,40,33.910000000000004
2074,41,24.748
2074,42,16.951999999999998
2074,43,10.87
2074,44,6.534
2074,45,3.4290000000000003
2074,46,1.363
2074,47,0.419
2074,48,0.147
2074,49,0.038
2075,15,1.645
2075,16,4.008
2075,17,7.745
2075,18,12.838
2075,19,18.901
2075,20,25.873
2075,21,33.779
2075,22,42.415
2075,23,51.306999999999995
2075,24,60.155
2075,25,68.691
2075,26,76.8
2075,27,84.327
2075,28,91.25
2075,29,96.286
2075,30,99.258
2075,31,99.46
2075,32,97.126
2075,33,93.863
2075,34,89.709
2075,35,83.40899999999999
2075,36,74.376
2075,37,64.671
2075,38,54.787
2075,39,44.623999999999995
2075,40,33.674
2075,41,24.524
2075,42,16.76
2075,43,10.723999999999998
2075,44,6.446000000000001
2075,45,3.406
2075,46,1.373
2075,47,0.432
2075,48,0.154
2075,49,0.041
2076,15,1.57
2076,16,3.858
2076,17,7.501
2076,18,12.487
2076,19,18.459
2076,20,25.36
2076,21,33.227
2076,22,41.866
2076,23,50.824
2076,24,59.819
2076,25,68.57900000000001
2076,26,76.979
2076,27,84.794
2076,28,91.974
2076,29,97.205
2076,30,100.305
2076,31,100.518
2076,32,98.085
2076,33,94.65
2076,34,90.267
2076,35,83.717
2076,36,74.477
2076,37,64.604
2076,38,54.602
2076,39,44.378
2076,40,33.431000000000004
2076,41,24.293
2076,42,16.564
2076,43,10.576
2076,44,6.356
2076,45,3.382
2076,46,1.385
2076,47,0.446
2076,48,0.161
2076,49,0.044
2077,15,1.496
2077,16,3.707
2077,17,7.251
2077,18,12.123
2077,19,17.993
2077,20,24.808
2077,21,32.618
2077,22,41.241
2077,23,50.244
2077,24,59.367999999999995
2077,25,68.336
2077,26,77.017
2077,27,85.10900000000001
2077,28,92.539
2077,29,97.958
2077,30,101.181
2077,31,101.401
2077,32,98.867
2077,33,95.257
2077,34,90.642
2077,35,83.845
2077,36,74.411
2077,37,64.387
2077,38,54.288
2077,39,44.025
2077,40,33.107
2077,41,24.003
2077,42,16.326
2077,43,10.401
2077,44,6.25
2077,45,3.349
2077,46,1.394
2077,47,0.46
2077,48,0.1689999999999999
2077,49,0.047
2078,15,1.425
2078,16,3.563
2078,17,7.012
2078,18,11.775
2078,19,17.547
2078,20,24.28
2078,21,32.035000000000004
2078,22,40.643
2078,23,49.693
2078,24,58.949
2078,25,68.13
2078,26,77.10000000000001
2078,27,85.479
2078,28,93.168
2078,29,98.78
2078,30,102.129
2078,31,102.354
2078,32,99.71
2078,33,95.914
2078,34,91.053
2078,35,83.998
2078,36,74.36099999999999
2078,37,64.179
2078,38,53.977
2078,39,43.672
2078,40,32.782
2078,41,23.712
2078,42,16.088
2078,43,10.226
2078,44,6.144
2078,45,3.317
2078,46,1.404
2078,47,0.476
2078,48,0.178
2078,49,0.051
2079,15,1.357
2079,16,3.423
2079,17,6.7780000000000005
2079,18,11.432
2079,19,17.104000000000003
2079,20,23.751
2079,21,31.446
2079,22,40.032
2079,23,49.120999999999995
2079,24,58.504
2079,25,67.895
2079,26,77.153
2079,27,85.821
2079,28,93.771
2079,29,99.577
2079,30,103.052
2079,31,103.277
2079,32,100.518
2079,33,96.528
2079,34,91.414
2079,35,84.09400000000001
2079,36,74.253
2079,37,63.917
2079,38,53.618
2079,39,43.279
2079,40,32.427
2079,41,23.398
2079,42,15.834
2079,43,10.041
2079,44,6.032
2079,45,3.281
2079,46,1.413
2079,47,0.492
2079,48,0.188
2079,49,0.056
2080,15,1.292
2080,16,3.286
2080,17,6.549
2080,18,11.094
2080,19,16.666
2080,20,23.223
2080,21,30.852
2080,22,39.409
2080,23,48.532
2080,24,58.034
2080,25,67.633
2080,26,77.17999999999999
2080,27,86.138
2080,28,94.35
2080,29,100.352
2080,30,103.952
2080,31,104.174
2080,32,101.294
2080,33,97.101
2080,34,91.725
2080,35,84.135
2080,36,74.092
2080,37,63.60399999999999
2080,38,53.213
2080,39,42.848
2080,40,32.042
2080,41,23.063
2080,42,15.566
2080,43,9.847
2080,44,5.914
2080,45,3.242
2080,46,1.4220000000000002
2080,47,0.509
2080,48,0.1979999999999999
2080,49,0.06
2081,15,1.23
2081,16,3.1580000000000004
2081,17,6.333
2081,18,10.774
2081,19,16.25
2081,20,22.723
2081,21,30.290000000000003
2081,22,38.823
2081,23,47.982
2081,24,57.61
2081,25,67.423
2081,26,77.269
2081,27,86.53099999999999
2081,28,95.017
2081,29,101.222
2081,30,104.95
2081,31,105.166
2081,32,102.155
2081,33,97.747
2081,34,92.094
2081,35,84.221
2081,36,73.963
2081,37,63.315999999999995
2081,38,52.827
2081,39,42.429
2081,40,31.667
2081,41,22.735
2081,42,15.303
2081,43,9.656
2081,44,5.799
2081,45,3.2030000000000003
2081,46,1.432
2081,47,0.528
2081,48,0.209
2081,49,0.066
2082,15,1.173
2082,16,3.038
2082,17,6.132000000000001
2082,18,10.478
2082,19,15.867
2082,20,22.264
2082,21,29.779
2082,22,38.296
2082,23,47.502
2082,24,57.267
2082,25,67.30999999999999
2082,26,77.476
2082,27,87.06
2082,28,95.838
2082,29,102.259
2082,30,106.122
2082,31,106.329
2082,32,103.176
2082,33,98.535
2082,34,92.586
2082,35,84.408
2082,36,73.91799999999999
2082,37,63.093999999999994
2082,38,52.492999999999995
2082,39,42.052
2082,40,31.322000000000003
2082,41,22.428
2082,42,15.054
2082,43,9.474
2082,44,5.689
2082,45,3.1679999999999997
2082,46,1.444
2082,47,0.5479999999999999
2082,48,0.222
2082,49,0.072
2083,15,1.117
2083,16,2.921
2083,17,5.934
2083,18,10.183
2083,19,15.482
2083,20,21.798
2083,21,29.253
2083,22,37.746
2083,23,46.989999999999995
2083,24,56.884
2083,25,67.151
2083,26,77.633
2083,27,87.539
2083,28,96.61
2083,29,103.246
2083,30,107.244
2083,31,107.437
2083,32,104.136
2083,33,99.256
2083,34,93.003
2083,35,84.517
2083,36,73.798
2083,37,62.805
2083,38,52.101
2083,39,41.626999999999995
2083,40,30.941
2083,41,22.095
2083,42,14.788
2083,43,9.282
2083,44,5.572
2083,45,3.129
2083,46,1.4549999999999998
2083,47,0.57
2083,48,0.235
2083,49,0.078
2084,15,1.064
2084,16,2.8089999999999997
2084,17,5.742999999999999
2084,18,9.898
2084,19,15.109
2084,20,21.344
2084,21,28.741
2084,22,37.208
2084,23,46.488
2084,24,56.512
2084,25,67.006
2084,26,77.811
2084,27,88.048
2084,28,97.419
2084,29,104.277
2084,30,108.411
2084,31,108.587
2084,32,105.128
2084,33,99.997
2084,34,93.427
2084,35,84.62400000000001
2084,36,73.67
2084,37,62.504000000000005
2084,38,51.697
2084,39,41.190999999999995
2084,40,30.551
2084,41,21.756
2084,42,14.518
2084,43,9.088
2084,44,5.455
2084,45,3.089
2084,46,1.467
2084,47,0.593
2084,48,0.25
2084,49,0.086
2085,15,1.012
2085,16,2.698
2085,17,5.552
2085,18,9.611
2085,19,14.729
2085,20,20.877
2085,21,28.205
2085,22,36.636
2085,23,45.940000000000005
2085,24,56.081
2085,25,66.791
2085,26,77.913
2085,27,88.477
2085,28,98.145
2085,29,105.22
2085,30,109.487
2085,31,109.643
2085,32,106.022
2085,33,100.635
2085,34,93.743
2085,35,84.623
2085,36,73.442
2085,37,62.116
2085,38,51.218
2085,39,40.695
2085,40,30.117
2085,41,21.386
2085,42,14.228
2085,43,8.881
2085,44,5.33
2085,45,3.044
2085,46,1.478
2085,47,0.618
2085,48,0.266
2085,49,0.087
2086,15,0.962
2086,16,2.589
2086,17,5.3629999999999995
2086,18,9.325
2086,19,14.348
2086,20,20.404
2086,21,27.656
2086,22,36.041999999999994
2086,23,45.36
2086,24,55.609
2086,25,66.527
2086,26,77.961
2086,27,88.85
2086,28,98.813
2086,29,106.105
2086,30,110.503
2086,31,110.633
2086,32,106.846
2086,33,101.195
2086,34,93.977
2086,35,84.54
2086,36,73.13799999999999
2086,37,61.659
2086,38,50.681999999999995
2086,39,40.153
2086,40,29.648999999999997
2086,41,20.992
2086,42,13.923
2086,43,8.666
2086,44,5.199
2086,45,2.996
2086,46,1.487
2086,47,0.643
2086,48,0.283
2086,49,0.087
2087,15,0.915
2087,16,2.486
2087,17,5.183
2087,18,9.051
2087,19,13.983
2087,20,19.951
2087,21,27.130000000000003
2087,22,35.471999999999994
2087,23,44.806
2087,24,55.163999999999994
2087,25,66.297
2087,26,78.05199999999999
2087,27,89.277
2087,28,99.547
2087,29,107.062
2087,30,111.594
2087,31,111.696
2087,32,107.732
2087,33,101.805
2087,34,94.246
2087,35,84.479
2087,36,72.848
2087,37,61.212999999999994
2087,38,50.153000000000006
2087,39,39.616
2087,40,29.185
2087,41,20.602
2087,42,13.62
2087,43,8.453000000000001
2087,44,5.07
2087,45,2.948
2087,46,1.498
2087,47,0.671
2087,48,0.302
2087,49,0.087
2088,15,0.871
2088,16,2.39
2088,17,5.0169999999999995
2088,18,8.8
2088,19,13.648
2088,20,19.536
2088,21,26.651999999999997
2088,22,34.961
2088,23,44.322
2088,24,54.805
2088,25,66.16900000000001
2088,26,78.269
2088,27,89.854
2088,28,100.453
2088,29,108.208
2088,30,112.882
2088,31,112.951
2088,32,108.795
2088,33,102.572
2088,34,94.649
2088,35,84.53
2088,36,72.65
2088,37,60.84
2088,38,49.681999999999995
2088,39,39.126
2088,40,28.756
2088,41,20.236
2088,42,13.335
2088,43,8.251
2088,44,4.948
2088,45,2.903
2088,46,1.511
2088,47,0.7020000000000001
2088,48,0.323
2088,49,0.087
2089,15,0.83
2089,16,2.299
2089,17,4.859
2089,18,8.561
2089,19,13.331
2089,20,19.144
2089,21,26.200999999999997
2089,22,34.480999999999995
2089,23,43.874
2089,24,54.488
2089,25,66.094
2089,26,78.553
2089,27,90.514
2089,28,101.458
2089,29,109.464
2089,30,114.286
2089,31,114.318
2089,32,109.958
2089,33,103.421
2089,34,95.116
2089,35,84.628
2089,36,72.487
2089,37,60.492999999999995
2089,38,49.232
2089,39,38.651
2089,40,28.337999999999997
2089,41,19.88
2089,42,13.056
2089,43,8.052999999999999
2089,44,4.827999999999999
2089,45,2.8600000000000003
2089,46,1.525
2089,47,0.735
2089,48,0.347
2089,49,0.087
2090,15,0.789
2090,16,2.209
2090,17,4.7
2090,18,8.316
2090,19,13.001
2090,20,18.73
2090,21,25.716
2090,22,33.952000000000005
2090,23,43.36
2090,24,54.087
2090,25,65.917
2090,26,78.72
2090,27,91.048
2090,28,102.327
2090,29,110.576
2090,30,115.54
2090,31,115.531
2090,32,110.964
2090,33,104.112
2090,34,95.426
2090,35,84.578
2090,36,72.191
2090,37,60.033
2090,38,48.689
2090,39,38.102
2090,40,27.866
2090,41,19.486
2090,42,12.754
2090,43,7.842
2090,44,4.7
2090,45,2.811
2090,46,1.537
2090,47,0.7699999999999999
2090,48,0.372
2090,49,0.087
2091,15,0.789
2091,16,2.209
2091,17,4.7
2091,18,8.316
2091,19,13.001
2091,20,18.734
2091,21,25.721
2091,22,33.959
2091,23,43.37
2091,24,54.098
2091,25,65.931
2091,26,78.737
2091,27,91.067
2091,28,102.349
2091,29,110.6
2091,30,115.565
2091,31,115.556
2091,32,110.988
2091,33,104.134
2091,34,95.446
2091,35,84.596
2091,36,72.206
2091,37,60.046
2091,38,48.699
2091,39,38.11
2091,40,27.872
2091,41,19.49
2091,42,12.757
2091,43,7.844
2091,44,4.7010000000000005
2091,45,2.811
2091,46,1.538
2091,47,0.7699999999999999
2091,48,0.372
2091,49,0.087
2092,15,0.789
2092,16,2.209
2092,17,4.7
2092,18,8.316
2092,19,13.001
2092,20,18.74
2092,21,25.728
2092,22,33.969
2092,23,43.382
2092,24,54.113
2092,25,65.94999999999999
2092,26,78.75999999999999
2092,27,91.093
2092,28,102.378
2092,29,110.631
2092,30,115.598
2092,31,115.588
2092,32,111.02
2092,33,104.164
2092,34,95.473
2092,35,84.62
2092,36,72.227
2092,37,60.062
2092,38,48.713
2092,39,38.121
2092,40,27.88
2092,41,19.496
2092,42,12.761
2092,43,7.846000000000001
2092,44,4.702
2092,45,2.812
2092,46,1.538
2092,47,0.7699999999999999
2092,48,0.372
2092,49,0.087
2093,15,0.789
2093,16,2.209
2093,17,4.7
2093,18,8.316
2093,19,13.001
2093,20,18.755000000000003
2093,21,25.749
2093,22,33.995999999999995
2093,23,43.416999999999994
2093,24,54.157
2093,25,66.003
2093,26,78.82300000000001
2093,27,91.166
2093,28,102.46
2093,29,110.721
2093,30,115.691
2093,31,115.681
2093,32,111.109
2093,33,104.247
2093,34,95.55
2093,35,84.688
2093,36,72.285
2093,37,60.111
2093,38,48.751999999999995
2093,39,38.152
2093,40,27.903
2093,41,19.511
2093,42,12.771
2093,43,7.851999999999999
2093,44,4.706
2093,45,2.814
2093,46,1.539
2093,47,0.771
2093,48,0.373
2093,49,0.087
2094,15,0.789
2094,16,2.209
2094,17,4.7
2094,18,8.316
2094,19,13.001
2094,20,18.748
2094,21,25.739
2094,22,33.983
2094,23,43.4
2094,24,54.137
2094,25,65.978
2094,26,78.793
2094,27,91.132
2094,28,102.421
2094,29,110.679
2094,30,115.647
2094,31,115.637
2094,32,111.067
2094,33,104.208
2094,34,95.514
2094,35,84.65599999999999
2094,36,72.25800000000001
2094,37,60.088
2094,38,48.734
2094,39,38.137
2094,40,27.892
2094,41,19.504
2094,42,12.766
2094,43,7.849
2094,44,4.704
2094,45,2.813
2094,46,1.539
2094,47,0.771
2094,48,0.373
2094,49,0.087
2095,15,0.789
2095,16,2.209
2095,17,4.7
2095,18,8.316
2095,19,13.001
2095,20,18.737
2095,21,25.725
2095,22,33.964
2095,23,43.376
2095,24,54.106
2095,25,65.941
2095,26,78.749
2095,27,91.081
2095,28,102.364
2095,29,110.616
2095,30,115.582
2095,31,115.573
2095,32,111.005
2095,33,104.149
2095,34,95.46
2095,35,84.608
2095,36,72.217
2095,37,60.054
2095,38,48.706
2095,39,38.116
2095,40,27.876
2095,41,19.493
2095,42,12.759
2095,43,7.845
2095,44,4.702
2095,45,2.812
2095,46,1.538
2095,47,0.7699999999999999
2095,48,0.372
2095,49,0.087
2096,15,0.789
2096,16,2.209
2096,17,4.7
2096,18,8.316
2096,19,13.001
2096,20,18.735000000000003
2096,21,25.722
2096,22,33.961
2096,23,43.371
2096,24,54.1
2096,25,65.93400000000001
2096,26,78.741
2096,27,91.071
2096,28,102.353
2096,29,110.605
2096,30,115.57
2096,31,115.56
2096,32,110.993
2096,33,104.138
2096,34,95.45
2096,35,84.59899999999999
2096,36,72.20899999999999
2096,37,60.047999999999995
2096,38,48.701
2096,39,38.112
2096,40,27.873
2096,41,19.491
2096,42,12.758
2096,43,7.844
2096,44,4.7010000000000005
2096,45,2.811
2096,46,1.538
2096,47,0.7699999999999999
2096,48,0.372
2096,49,0.087
2097,15,0.789
2097,16,2.209
2097,17,4.7
2097,18,8.316
2097,19,13.001
2097,20,18.73
2097,21,25.715
2097,22,33.951
2097,23,43.36
2097,24,54.086000000000006
2097,25,65.916
2097,26,78.719
2097,27,91.046
2097,28,102.325
2097,29,110.575
2097,30,115.538
2097,31,115.529
2097,32,110.963
2097,33,104.11
2097,34,95.424
2097,35,84.576
2097,36,72.19
2097,37,60.032
2097,38,48.688
2097,39,38.102
2097,40,27.866
2097,41,19.486
2097,42,12.754
2097,43,7.842
2097,44,4.7
2097,45,2.811
2097,46,1.537
2097,47,0.7699999999999999
2097,48,0.372
2097,49,0.087
2098,15,0.789
2098,16,2.2079999999999997
2098,17,4.699
2098,18,8.315
2098,19,12.999
2098,20,18.727
2098,21,25.711
2098,22,33.945
2098,23,43.352
2098,24,54.076
2098,25,65.90400000000001
2098,26,78.705
2098,27,91.03
2098,28,102.307
2098,29,110.555
2098,30,115.518
2098,31,115.509
2098,32,110.943
2098,33,104.092
2098,34,95.407
2098,35,84.562
2098,36,72.177
2098,37,60.021
2098,38,48.68
2098,39,38.095
2098,40,27.861
2098,41,19.482
2098,42,12.752
2098,43,7.841000000000001
2098,44,4.699
2098,45,2.81
2098,46,1.537
2098,47,0.7699999999999999
2098,48,0.372
2098,49,0.087
2099,15,0.789
2099,16,2.2079999999999997
2099,17,4.699
2099,18,8.315
2099,19,12.999
2099,20,18.745
2099,21,25.735999999999997
2099,22,33.979
2099,23,43.395
2099,24,54.129999999999995
2099,25,65.97
2099,26,78.784
2099,27,91.121
2099,28,102.409
2099,29,110.666
2099,30,115.633
2099,31,115.624
2099,32,111.054
2099,33,104.196
2099,34,95.503
2099,35,84.646
2099,36,72.249
2099,37,60.081
2099,38,48.728
2099,39,38.133
2099,40,27.889
2099,41,19.502
2099,42,12.765
2099,43,7.848000000000001
2099,44,4.704
2099,45,2.813
2099,46,1.538
2099,47,0.771
2099,48,0.373
2099,49,0.087
