year,age,value
1950,15,0.256
1950,16,1.619
1950,17,6.297
1950,18,17.188
1950,19,38.949
1950,20,77.41099999999999
1950,21,121.623
1950,22,165.01399999999998
1950,23,201.408
1950,24,227.234
1950,25,240.991
1950,26,244.91
1950,27,239.198
1950,28,229.076
1950,29,220.631
1950,30,205.448
1950,31,188.791
1950,32,177.809
1950,33,161.172
1950,34,147.084
1950,35,132.208
1950,36,117.867
1950,37,104.058
1950,38,90.506
1950,39,76.945
1950,40,63.67399999999999
1950,41,48.429
1950,42,34.04
1950,43,20.783
1950,44,11.952
1950,45,1.427
1950,46,0.678
1950,47,0.308
1950,48,0.194
1950,49,0.1379999999999999
1951,15,0.21
1951,16,1.087
1951,17,4.7749999999999995
1951,18,14.201
1951,19,32.415
1951,20,64.371
1951,21,103.761
1951,22,145.88799999999998
1951,23,183.731
1951,24,203.625
1951,25,220.975
1951,26,223.792
1951,27,220.398
1951,28,212.347
1951,29,202.466
1951,30,191.874
1951,31,172.149
1951,32,158.522
1951,33,145.931
1951,34,130.353
1951,35,115.024
1951,36,102.121
1951,37,89.24600000000001
1951,38,75.793
1951,39,62.94800000000001
1951,40,52.175
1951,41,38.873
1951,42,26.866
1951,43,16.849
1951,44,9.133
1951,45,1.617
1951,46,0.74
1951,47,0.351
1951,48,0.179
1951,49,0.132
1952,15,0.165
1952,16,0.891
1952,17,3.73
1952,18,11.51
1952,19,27.41
1952,20,55.595
1952,21,91.541
1952,22,132.289
1952,23,172.75799999999998
1952,24,195.173
1952,25,207.792
1952,26,213.283
1952,27,207.675
1952,28,201.823
1952,29,189.953
1952,30,178.431
1952,31,163.696
1952,32,145.119
1952,33,130.364
1952,34,116.873
1952,35,102.118
1952,36,88.128
1952,37,76.07300000000001
1952,38,63.851000000000006
1952,39,52.386
1952,40,42.128
1952,41,31.764
1952,42,20.758
1952,43,13.256
1952,44,7.251
1952,45,1.772
1952,46,0.73
1952,47,0.398
1952,48,0.211
1952,49,0.111
1953,15,0.145
1953,16,0.755
1953,17,3.021
1953,18,9.382
1953,19,23.354
1953,20,48.683
1953,21,83.163
1953,22,122.195
1953,23,161.178
1953,24,185.573
1953,25,201.015
1953,26,198.76
1953,27,196.349
1953,28,185.271
1953,29,175.315
1953,30,163.135
1953,31,146.94899999999998
1953,32,133.982
1953,33,114.497
1953,34,101.304
1953,35,88.448
1953,36,75.97800000000001
1953,37,64.03699999999999
1953,38,53.147
1953,39,42.736999999999995
1953,40,33.495999999999995
1953,41,25.012
1953,42,16.738
1953,43,10.345
1953,44,5.6129999999999995
1953,45,1.869
1953,46,0.868
1953,47,0.448
1953,48,0.245
1953,49,0.1399999999999999
1954,15,0.128
1954,16,0.662
1954,17,2.637
1954,18,8.009
1954,19,20.56
1954,20,43.244
1954,21,76.96799999999999
1954,22,114.874
1954,23,153.57000000000002
1954,24,178.843
1954,25,194.17
1954,26,194.611
1954,27,185.482
1954,28,174.89
1954,29,161.965
1954,30,149.834
1954,31,134.28799999999998
1954,32,119.39
1954,33,106.408
1954,34,89.38799999999999
1954,35,76.852
1954,36,65.953
1954,37,54.926
1954,38,45.256
1954,39,36.279
1954,40,28.24
1954,41,20.15
1954,42,13.486
1954,43,8.299000000000001
1954,44,4.509
1954,45,1.998
1954,46,0.94
1954,47,0.524
1954,48,0.208
1954,49,0.145
1955,15,0.0699999999999999
1955,16,0.5609999999999999
1955,17,2.487
1955,18,7.47
1955,19,18.479
1955,20,40.133
1955,21,71.232
1955,22,111.288
1955,23,152.512
1955,24,176.839
1955,25,191.392
1955,26,194.242
1955,27,185.27
1955,28,170.157
1955,29,156.128
1955,30,140.46900000000002
1955,31,124.967
1955,32,111.079
1955,33,96.174
1955,34,83.099
1955,35,69.235
1955,36,58.728
1955,37,49.001000000000005
1955,38,39.491
1955,39,30.929
1955,40,23.949
1955,41,17.038
1955,42,11.448
1955,43,6.841
1955,44,3.714
1955,45,2.019
1955,46,1.021
1955,47,0.436
1955,48,0.275
1955,49,0.149
1956,15,0.077
1956,16,0.453
1956,17,2.0439999999999996
1956,18,6.471
1956,19,16.404
1956,20,36.817
1956,21,67.649
1956,22,104.225
1956,23,146.07500000000002
1956,24,175.371
1956,25,189.908
1956,26,191.651
1956,27,182.049
1956,28,166.31099999999998
1956,29,146.461
1956,30,130.76299999999998
1956,31,113.415
1956,32,99.999
1956,33,85.6
1956,34,72.517
1956,35,62.395
1956,36,49.795
1956,37,41.440999999999995
1956,38,34.097
1956,39,26.882
1956,40,19.893
1956,41,14.427
1956,42,9.434
1956,43,5.84
1956,44,3.033
1956,45,2.157
1956,46,1.02
1956,47,0.525
1956,48,0.277
1956,49,0.131
1957,15,0.047
1957,16,0.42
1957,17,1.642
1957,18,5.318
1957,19,14.229
1957,20,33.049
1957,21,61.558
1957,22,99.003
1957,23,135.77800000000002
1957,24,167.586
1957,25,184.219
1957,26,183.994
1957,27,176.624
1957,28,160.049
1957,29,140.91699999999997
1957,30,121.191
1957,31,102.47
1957,32,86.637
1957,33,74.577
1957,34,62.093
1957,35,51.858
1957,36,43.428
1957,37,33.452000000000005
1957,38,27.156
1957,39,21.819000000000003
1957,40,15.707
1957,41,11.127
1957,42,7.52
1957,43,4.561
1957,44,2.408
1957,45,2.37
1957,46,1.0510000000000002
1957,47,0.517
1957,48,0.339
1957,49,0.214
1958,15,0.073
1958,16,0.39
1958,17,1.659
1958,18,5.059
1958,19,13.462
1958,20,34.615
1958,21,64.885
1958,22,103.371
1958,23,148.82899999999998
1958,24,176.16299999999998
1958,25,196.559
1958,26,199.867
1958,27,186.919
1958,28,169.506
1958,29,147.02499999999998
1958,30,126.117
1958,31,102.701
1958,32,85.299
1958,33,70.737
1958,34,58.524
1958,35,48.368
1958,36,39.182
1958,37,31.844
1958,38,24.139
1958,39,19.009
1958,40,14.346
1958,41,10.019
1958,42,6.751
1958,43,4.0920000000000005
1958,44,2.129
1958,45,2.337
1958,46,1.002
1958,47,0.412
1958,48,0.236
1958,49,0.196
1959,15,0.074
1959,16,0.361
1959,17,1.61
1959,18,5.172000000000001
1959,19,13.239
1959,20,31.937
1959,21,64.12700000000001
1959,22,104.911
1959,23,146.651
1959,24,181.748
1959,25,192.427
1959,26,198.605
1959,27,188.832
1959,28,166.284
1959,29,144.954
1959,30,122.664
1959,31,99.022
1959,32,78.99000000000001
1959,33,64.02199999999999
1959,34,51.68
1959,35,42.47
1959,36,33.379
1959,37,27.383000000000003
1959,38,21.211
1959,39,16.1
1959,40,11.8
1959,41,8.666
1959,42,5.754
1959,43,3.406
1959,44,1.941
1959,45,2.2920000000000003
1959,46,1.135
1959,47,0.545
1959,48,0.272
1959,49,0.136
1960,15,0.049
1960,16,0.382
1960,17,1.634
1960,18,5.059
1960,19,13.778
1960,20,30.380999999999997
1960,21,60.107
1960,22,103.509
1960,23,148.171
1960,24,179.30499999999998
1960,25,197.786
1960,26,195.504
1960,27,188.251
1960,28,168.588
1960,29,142.4
1960,30,119.849
1960,31,95.364
1960,32,75.686
1960,33,58.74
1960,34,46.296
1960,35,36.363
1960,36,28.96
1960,37,22.428
1960,38,17.37
1960,39,13.322
1960,40,9.709
1960,41,7.014
1960,42,4.77
1960,43,2.866
1960,44,1.583
1960,45,2.233
1960,46,1.01
1960,47,0.744
1960,48,0.266
1960,49,0.213
1961,15,0.041
1961,16,0.371
1961,17,1.62
1961,18,5.19
1961,19,13.598
1961,20,29.076
1961,21,55.139
1961,22,94.189
1961,23,142.128
1961,24,177.156
1961,25,194.867
1961,26,200.454
1961,27,184.313
1961,28,169.143
1961,29,144.226
1961,30,118.276
1961,31,94.349
1961,32,73.646
1961,33,57.284
1961,34,42.539
1961,35,32.628
1961,36,25.161
1961,37,19.661
1961,38,14.954
1961,39,11.389
1961,40,8.596
1961,41,5.976999999999999
1961,42,4.025
1961,43,2.437
1961,44,1.335
1961,45,1.63
1961,46,0.78
1961,47,0.449
1961,48,0.307
1961,49,0.142
1962,15,0.059
1962,16,0.326
1962,17,1.552
1962,18,5.15
1962,19,13.009
1962,20,28.246
1962,21,56.644
1962,22,93.512
1962,23,137.439
1962,24,176.557
1962,25,202.727
1962,26,202.251
1962,27,192.865
1962,28,168.33
1962,29,145.39
1962,30,121.723
1962,31,93.942
1962,32,72.185
1962,33,56.184
1962,34,42.219
1962,35,31.083
1962,36,23.197
1962,37,17.653
1962,38,13.29
1962,39,9.617
1962,40,7.458
1962,41,5.241
1962,42,3.249
1962,43,2.135
1962,44,1.2260000000000002
1962,45,1.16
1962,46,0.5900000000000001
1962,47,0.323
1962,48,0.209
1962,49,0.152
1963,15,0.037
1963,16,0.285
1963,17,1.4549999999999998
1963,18,4.843
1963,19,12.044
1963,20,27.554
1963,21,55.136
1963,22,95.382
1963,23,138.193
1963,24,172.558
1963,25,204.663
1963,26,209.189
1963,27,194.597
1963,28,177.72199999999998
1963,29,147.279
1963,30,125.29399999999998
1963,31,99.033
1963,32,74.319
1963,33,56.841
1963,34,42.35
1963,35,31.655
1963,36,22.869
1963,37,16.798000000000002
1963,38,12.321
1963,39,9.132
1963,40,6.529
1963,41,4.767
1963,42,3.097
1963,43,1.842
1963,44,1.053
1963,45,0.876
1963,46,0.464
1963,47,0.223
1963,48,0.1369999999999999
1963,49,0.086
1964,15,0.033
1964,16,0.247
1964,17,1.299
1964,18,4.086
1964,19,11.246
1964,20,28.156
1964,21,55.452
1964,22,97.252
1964,23,147.483
1964,24,182.81
1964,25,205.359
1964,26,212.83
1964,27,202.472
1964,28,178.41299999999998
1964,29,154.38299999999998
1964,30,125.641
1964,31,101.419
1964,32,78.02499999999999
1964,33,57.516
1964,34,43.43000000000001
1964,35,31.932
1964,36,23.254
1964,37,16.701
1964,38,11.885
1964,39,8.597999999999999
1964,40,6.473
1964,41,4.246
1964,42,2.747
1964,43,1.778
1964,44,0.879
1964,45,0.7010000000000001
1964,46,0.328
1964,47,0.179
1964,48,0.075
1964,49,0.06
1965,15,0.033
1965,16,0.2599999999999999
1965,17,1.407
1965,18,4.563000000000001
1965,19,11.085
1965,20,30.6
1965,21,58.812999999999995
1965,22,101.555
1965,23,154.553
1965,24,201.156
1965,25,217.021
1965,26,217.213
1965,27,208.117
1965,28,188.117
1965,29,158.62599999999998
1965,30,133.858
1965,31,102.428
1965,32,80.863
1965,33,61.511
1965,34,44.927
1965,35,33.785000000000004
1965,36,24.337
1965,37,17.333000000000002
1965,38,11.852
1965,39,8.408999999999999
1965,40,5.984
1965,41,4.138
1965,42,2.6679999999999997
1965,43,1.532
1965,44,0.903
1965,45,0.4929999999999999
1965,46,0.235
1965,47,0.129
1965,48,0.0699999999999999
1965,49,0.059
1966,15,0.047
1966,16,0.244
1966,17,1.351
1966,18,4.577
1966,19,11.124
1966,20,24.674000000000003
1966,21,50.064
1966,22,84.653
1966,23,124.383
1966,24,156.723
1966,25,176.478
1966,26,171.49900000000002
1966,27,155.983
1966,28,136.791
1966,29,118.521
1966,30,95.349
1966,31,78.274
1966,32,60.224
1966,33,48.536
1966,34,37.115
1966,35,26.866999999999997
1966,36,20.421000000000003
1966,37,15.028
1966,38,11.061
1966,39,7.448
1966,40,5.301
1966,41,3.487
1966,42,2.3379999999999996
1966,43,1.391
1966,44,0.746
1966,45,0.5760000000000001
1966,46,0.223
1966,47,0.144
1966,48,0.079
1966,49,0.052
1967,15,0.032
1967,16,0.319
1967,17,1.617
1967,18,5.415
1967,19,14.054
1967,20,27.453000000000003
1967,21,52.505
1967,22,100.199
1967,23,153.468
1967,24,199.12
1967,25,224.885
1967,26,235.235
1967,27,219.538
1967,28,195.337
1967,29,169.453
1967,30,140.894
1967,31,108.997
1967,32,84.662
1967,33,62.652
1967,34,47.72
1967,35,35.655
1967,36,24.879
1967,37,17.608999999999998
1967,38,12.703
1967,39,8.571
1967,40,5.697
1967,41,3.76
1967,42,2.2030000000000003
1967,43,1.383
1967,44,0.768
1967,45,0.302
1967,46,0.151
1967,47,0.107
1967,48,0.053
1967,49,0.018
1968,15,0.044
1968,16,0.263
1968,17,1.534
1968,18,5.424
1968,19,13.718
1968,20,25.825
1968,21,50.806
1968,22,87.208
1968,23,139.474
1968,24,183.33
1968,25,219.401
1968,26,224.166
1968,27,218.539
1968,28,192.01
1968,29,161.37
1968,30,132.00500000000002
1968,31,105.261
1968,32,81.802
1968,33,63.865
1968,34,45.79
1968,35,34.874
1968,36,25.506
1968,37,17.422
1968,38,12.609
1968,39,8.508
1968,40,5.637
1968,41,3.313
1968,42,2.3040000000000003
1968,43,1.474
1968,44,0.781
1968,45,0.2799999999999999
1968,46,0.154
1968,47,0.0699999999999999
1968,48,0.0419999999999999
1968,49,0.0209999999999999
1969,15,0.066
1969,16,0.2739999999999999
1969,17,1.5579999999999998
1969,18,5.377
1969,19,14.034
1969,20,24.322
1969,21,47.898
1969,22,85.05799999999999
1969,23,128.759
1969,24,175.29600000000002
1969,25,219.232
1969,26,224.217
1969,27,211.57
1969,28,192.143
1969,29,162.06699999999998
1969,30,129.964
1969,31,100.488
1969,32,81.39
1969,33,62.543
1969,34,46.958
1969,35,34.184
1969,36,25.392000000000003
1969,37,17.869
1969,38,12.549
1969,39,8.713000000000001
1969,40,5.436
1969,41,3.5869999999999997
1969,42,2.095
1969,43,1.364
1969,44,0.781
1969,45,0.261
1969,46,0.1299999999999999
1969,47,0.0649999999999999
1969,48,0.033
1969,49,0.02
1970,15,0.108
1970,16,0.335
1970,17,1.632
1970,18,5.673
1970,19,14.209
1970,20,26.339
1970,21,50.388000000000005
1970,22,89.484
1970,23,137.77100000000002
1970,24,175.428
1970,25,218.07
1970,26,223.13
1970,27,211.298
1970,28,187.453
1970,29,162.049
1970,30,132.547
1970,31,100.296
1970,32,79.084
1970,33,62.677
1970,34,46.27
1970,35,34.323
1970,36,24.307
1970,37,17.733999999999998
1970,38,12.452
1970,39,8.207
1970,40,5.516
1970,41,3.484
1970,42,2.238
1970,43,1.178
1970,44,0.707
1970,45,0.255
1970,46,0.104
1970,47,0.052
1970,48,0.029
1970,49,0.017
1971,15,0.032
1971,16,0.3289999999999999
1971,17,1.824
1971,18,5.79
1971,19,14.772
1971,20,28.673
1971,21,55.352
1971,22,96.598
1971,23,151.07000000000002
1971,24,196.353
1971,25,209.783
1971,26,222.737
1971,27,213.905
1971,28,191.618
1971,29,161.209
1971,30,137.291
1971,31,103.814
1971,32,80.22500000000001
1971,33,61.682
1971,34,46.112
1971,35,33.424
1971,36,24.679
1971,37,16.903000000000002
1971,38,12.491
1971,39,8.540000000000001
1971,40,5.558
1971,41,3.504
1971,42,2.2230000000000003
1971,43,1.231
1971,44,0.596
1971,45,0.194
1971,46,0.108
1971,47,0.048
1971,48,0.027
1971,49,0.016
1972,15,0.031
1972,16,0.351
1972,17,1.879
1972,18,6.245
1972,19,15.298
1972,20,32.294999999999995
1972,21,59.521
1972,22,102.16
1972,23,158.84
1972,24,208.007
1972,25,217.177
1972,26,216.376
1972,27,210.958
1972,28,189.261
1972,29,161.936
1972,30,135.47400000000002
1972,31,105.697
1972,32,80.357
1972,33,60.881
1972,34,44.756
1972,35,32.391999999999996
1972,36,23.845
1972,37,16.573999999999998
1972,38,11.824
1972,39,8.311
1972,40,5.521
1972,41,3.3800000000000003
1972,42,2.151
1972,43,1.239
1972,44,0.664
1972,45,0.182
1972,46,0.094
1972,47,0.0689999999999999
1972,48,0.019
1972,49,0.013
1973,15,0.041
1973,16,0.369
1973,17,2.0709999999999997
1973,18,6.0600000000000005
1973,19,15.812
1973,20,33.688
1973,21,63.15800000000001
1973,22,105.187
1973,23,160.442
1973,24,213.776
1973,25,223.38
1973,26,226.357
1973,27,208.276
1973,28,190.419
1973,29,164.806
1973,30,135.469
1973,31,103.442
1973,32,80.759
1973,33,62.151
1973,34,44.539
1973,35,31.861
1973,36,23.708
1973,37,16.434
1973,38,11.963
1973,39,8.024
1973,40,5.422
1973,41,3.454
1973,42,2.099
1973,43,1.175
1973,44,0.6629999999999999
1973,45,0.184
1973,46,0.073
1973,47,0.045
1973,48,0.034
1973,49,0.017
1974,15,0.05
1974,16,0.413
1974,17,1.923
1974,18,6.021999999999999
1974,19,14.652
1974,20,33.019
1974,21,63.03300000000001
1974,22,105.572
1974,23,154.708
1974,24,207.929
1974,25,222.75
1974,26,224.549
1974,27,209.537
1974,28,178.69899999999998
1974,29,154.70600000000002
1974,30,126.008
1974,31,96.08
1974,32,72.488
1974,33,56.331
1974,34,41.244
1974,35,29.325
1974,36,20.959
1974,37,14.936
1974,38,10.66
1974,39,7.321000000000001
1974,40,4.825
1974,41,3.1670000000000003
1974,42,2.038
1974,43,1.099
1974,44,0.6589999999999999
1974,45,0.196
1974,46,0.095
1974,47,0.041
1974,48,0.027
1974,49,0.007
1975,15,0.04
1975,16,0.39
1975,17,1.842
1975,18,5.275
1975,19,12.832
1975,20,29.415
1975,21,57.587
1975,22,98.455
1975,23,147.735
1975,24,192.47
1975,25,212.63
1975,26,217.146
1975,27,200.654
1975,28,175.581
1975,29,141.076
1975,30,110.256
1975,31,83.95400000000001
1975,32,64.395
1975,33,47.641000000000005
1975,34,35.617000000000004
1975,35,26.171
1975,36,18.768
1975,37,13.283
1975,38,9.804
1975,39,6.553
1975,40,4.5120000000000005
1975,41,2.733
1975,42,1.859
1975,43,1.024
1975,44,0.477
1975,45,0.222
1975,46,0.092
1975,47,0.046
1975,48,0.018
1975,49,0.009
1976,15,0.04
1976,16,0.42
1976,17,1.838
1976,18,4.765000000000001
1976,19,11.339
1976,20,25.978
1976,21,51.491
1976,22,90.494
1976,23,140.427
1976,24,183.682
1976,25,201.59
1976,26,211.362
1976,27,199.266
1976,28,174.337
1976,29,143.265
1976,30,103.215
1976,31,78.781
1976,32,59.976
1976,33,45.053
1976,34,32.377
1976,35,25.169
1976,36,18.241
1976,37,12.665
1976,38,8.878
1976,39,6.282
1976,40,4.058
1976,41,2.705
1976,42,1.665
1976,43,0.908
1976,44,0.485
1976,45,0.2269999999999999
1976,46,0.091
1976,47,0.036
1976,48,0.027
1976,49,0.009
1977,15,0.05
1977,16,0.442
1977,17,1.656
1977,18,4.5360000000000005
1977,19,10.478
1977,20,22.447000000000003
1977,21,45.468
1977,22,80.558
1977,23,128.979
1977,24,176.426
1977,25,194.359
1977,26,201.412
1977,27,195.152
1977,28,173.148
1977,29,143.32600000000002
1977,30,110.905
1977,31,80.28200000000001
1977,32,60.845000000000006
1977,33,46.184000000000005
1977,34,33.236000000000004
1977,35,24.683
1977,36,18.251
1977,37,12.167000000000002
1977,38,8.770999999999999
1977,39,5.878
1977,40,3.858
1977,41,2.522
1977,42,1.585
1977,43,0.907
1977,44,0.4589999999999999
1977,45,0.214
1977,46,0.107
1977,47,0.036
1977,48,0.018
1977,49,0.009
1978,15,0.0699999999999999
1978,16,0.438
1978,17,1.783
1978,18,4.432
1978,19,10.616
1978,20,21.397
1978,21,41.288
1978,22,74.56400000000001
1978,23,120.616
1978,24,169.171
1978,25,193.026
1978,26,202.659
1978,27,192.038
1978,28,174.61
1978,29,146.946
1978,30,118.753
1978,31,89.21600000000001
1978,32,64.081
1978,33,47.43
1978,34,34.717999999999996
1978,35,24.798
1978,36,17.343999999999998
1978,37,12.122000000000002
1978,38,8.549
1978,39,5.795
1978,40,3.715
1978,41,2.359
1978,42,1.466
1978,43,0.884
1978,44,0.412
1978,45,0.1979999999999999
1978,46,0.094
1978,47,0.0419999999999999
1978,48,0.031
1978,49,0.01
1979,15,0.049
1979,16,0.4629999999999999
1979,17,1.803
1979,18,4.6610000000000005
1979,19,10.514
1979,20,21.452
1979,21,39.485
1979,22,68.37
1979,23,113.119
1979,24,160.33
1979,25,190.167
1979,26,201.779
1979,27,195.152
1979,28,172.077
1979,29,148.07600000000002
1979,30,123.049
1979,31,91.972
1979,32,67.995
1979,33,49.016
1979,34,34.419
1979,35,24.129
1979,36,17.099
1979,37,11.558
1979,38,8.194999999999999
1979,39,5.622
1979,40,3.532
1979,41,2.145
1979,42,1.328
1979,43,0.8069999999999999
1979,44,0.4029999999999999
1979,45,0.208
1979,46,0.077
1979,47,0.044
1979,48,0.022
1979,49,0.0
1980,15,0.048
1980,16,0.501
1980,17,1.975
1980,18,4.857
1980,19,10.85
1980,20,21.697000000000003
1980,21,38.77
1980,22,64.67299999999999
1980,23,104.27
1980,24,152.578
1980,25,186.121
1980,26,201.544
1980,27,194.607
1980,28,174.247
1980,29,144.901
1980,30,121.193
1980,31,91.615
1980,32,68.01400000000001
1980,33,49.878
1980,34,34.13
1980,35,22.848
1980,36,16.604
1980,37,11.375
1980,38,7.756
1980,39,5.531000000000001
1980,40,3.5309999999999997
1980,41,2.199
1980,42,1.4009999999999998
1980,43,0.769
1980,44,0.375
1980,45,0.1969999999999999
1980,46,0.0689999999999999
1980,47,0.039
1980,48,0.01
1980,49,0.01
1981,15,0.068
1981,16,0.575
1981,17,2.096
1981,18,5.175
1981,19,11.316
1981,20,21.984
1981,21,38.398
1981,22,63.401
1981,23,99.078
1981,24,142.202
1981,25,181.089
1981,26,198.347
1981,27,192.936
1981,28,175.489
1981,29,148.187
1981,30,118.126
1981,31,91.019
1981,32,68.709
1981,33,50.342
1981,34,35.768
1981,35,23.51
1981,36,16.521
1981,37,11.2
1981,38,7.881000000000001
1981,39,5.301
1981,40,3.644
1981,41,2.317
1981,42,1.4189999999999998
1981,43,0.776
1981,44,0.388
1981,45,0.18
1981,46,0.079
1981,47,0.023
1981,48,0.023
1981,49,0.011
1982,15,0.059
1982,16,0.665
1982,17,2.3
1982,18,5.441
1982,19,12.026
1982,20,21.529
1982,21,37.961
1982,22,61.618
1982,23,97.45
1982,24,138.291
1982,25,175.196
1982,26,200.083
1982,27,197.831
1982,28,180.907
1982,29,154.615
1982,30,120.821
1982,31,91.1
1982,32,70.23
1982,33,51.996
1982,34,37.204
1982,35,26.759
1982,36,18.606
1982,37,12.235
1982,38,8.551
1982,39,5.744
1982,40,3.86
1982,41,2.403
1982,42,1.488
1982,43,0.791
1982,44,0.364
1982,45,0.159
1982,46,0.079
1982,47,0.0349999999999999
1982,48,0.009
1982,49,0.0
1983,15,0.096
1983,16,0.665
1983,17,2.544
1983,18,6.023
1983,19,12.383
1983,20,22.998
1983,21,37.902
1983,22,60.397
1983,23,93.186
1983,24,136.63500000000002
1983,25,173.14499999999998
1983,26,194.645
1983,27,200.05
1983,28,185.448
1983,29,161.668
1983,30,126.844
1983,31,97.193
1983,32,72.743
1983,33,55.037000000000006
1983,34,39.83
1983,35,30.234
1983,36,21.213
1983,37,13.805
1983,38,9.642
1983,39,6.386
1983,40,4.002000000000001
1983,41,2.4299999999999997
1983,42,1.479
1983,43,0.8069999999999999
1983,44,0.4029999999999999
1983,45,0.164
1983,46,0.064
1983,47,0.018
1983,48,0.009
1983,49,0.009
1984,15,0.095
1984,16,0.796
1984,17,2.473
1984,18,5.837
1984,19,12.943
1984,20,22.768
1984,21,37.229
1984,22,57.660999999999994
1984,23,89.086
1984,24,128.905
1984,25,168.759
1984,26,193.417
1984,27,197.007
1984,28,188.168
1984,29,165.836
1984,30,131.889
1984,31,102.07
1984,32,78.13199999999999
1984,33,57.27
1984,34,42.191
1984,35,33.016
1984,36,22.883
1984,37,15.355
1984,38,10.069
1984,39,6.747999999999999
1984,40,4.0600000000000005
1984,41,2.487
1984,42,1.472
1984,43,0.873
1984,44,0.426
1984,45,0.151
1984,46,0.059
1984,47,0.025
1984,48,0.017
1984,49,0.0
1985,15,0.104
1985,16,0.709
1985,17,2.392
1985,18,5.371
1985,19,12.094
1985,20,22.110999999999997
1985,21,34.842999999999996
1985,22,54.010000000000005
1985,23,81.97200000000001
1985,24,117.369
1985,25,157.441
1985,26,184.235
1985,27,193.477
1985,28,182.078
1985,29,164.885
1985,30,135.67000000000002
1985,31,105.354
1985,32,80.69
1985,33,60.349
1985,34,43.361999999999995
1985,35,32.683
1985,36,23.15
1985,37,15.586
1985,38,10.429
1985,39,6.834
1985,40,3.922
1985,41,2.392
1985,42,1.5299999999999998
1985,43,0.736
1985,44,0.397
1985,45,0.147
1985,46,0.061
1985,47,0.0349999999999999
1985,48,0.009
1985,49,0.0
1986,15,0.087
1986,16,0.6769999999999999
1986,17,2.262
1986,18,5.462
1986,19,11.186
1986,20,20.753
1986,21,34.076
1986,22,50.223
1986,23,77.491
1986,24,112.122
1986,25,147.824
1986,26,174.55100000000002
1986,27,185.667
1986,28,181.34
1986,29,162.87699999999998
1986,30,137.169
1986,31,107.848
1986,32,83.177
1986,33,61.766
1986,34,44.829
1986,35,32.120999999999995
1986,36,22.949
1986,37,15.382
1986,38,10.4
1986,39,6.7749999999999995
1986,40,3.725
1986,41,2.363
1986,42,1.334
1986,43,0.769
1986,44,0.371
1986,45,0.158
1986,46,0.05
1986,47,0.025
1986,48,0.008
1986,49,0.0
1987,15,0.077
1987,16,0.618
1987,17,2.0660000000000003
1987,18,4.982
1987,19,11.181
1987,20,18.699
1987,21,31.223
1987,22,48.766
1987,23,72.256
1987,24,105.998
1987,25,138.928
1987,26,166.52800000000002
1987,27,178.065
1987,28,178.233
1987,29,162.64600000000002
1987,30,137.085
1987,31,111.742
1987,32,86.233
1987,33,64.886
1987,34,47.043
1987,35,32.671
1987,36,22.962
1987,37,15.497
1987,38,10.556
1987,39,6.906
1987,40,4.381
1987,41,2.6
1987,42,1.457
1987,43,0.83
1987,44,0.425
1987,45,0.143
1987,46,0.067
1987,47,0.029
1987,48,0.01
1987,49,0.0
1988,15,0.097
1988,16,0.6130000000000001
1988,17,2.12
1988,18,4.902
1988,19,10.571
1988,20,19.112
1988,21,28.615
1988,22,44.181
1988,23,68.783
1988,24,96.903
1988,25,129.61800000000002
1988,26,155.546
1988,27,169.84199999999998
1988,28,170.441
1988,29,160.57
1988,30,139.055
1988,31,111.963
1988,32,89.682
1988,33,67.991
1988,34,50.109
1988,35,34.326
1988,36,24.242
1988,37,15.942000000000002
1988,38,10.962
1988,39,7.298
1988,40,5.161
1988,41,3.084
1988,42,1.699
1988,43,0.941
1988,44,0.444
1988,45,0.183
1988,46,0.044
1988,47,0.017
1988,48,0.009
1988,49,0.009
1989,15,0.097
1989,16,0.5519999999999999
1989,17,2.025
1989,18,4.659
1989,19,10.481
1989,20,17.842
1989,21,28.781
1989,22,39.787000000000006
1989,23,60.296
1989,24,90.57
1989,25,117.038
1989,26,141.993
1989,27,157.45999999999998
1989,28,160.1
1989,29,150.899
1989,30,134.982
1989,31,111.932
1989,32,88.33000000000001
1989,33,69.13900000000001
1989,34,51.111999999999995
1989,35,35.763999999999996
1989,36,24.947
1989,37,16.88
1989,38,11.39
1989,39,7.514
1989,40,5.439
1989,41,3.135
1989,42,1.813
1989,43,1.005
1989,44,0.426
1989,45,0.1689999999999999
1989,46,0.0699999999999999
1989,47,0.02
1989,48,0.01
1989,49,0.01
1990,15,0.0989999999999999
1990,16,0.592
1990,17,1.932
1990,18,4.643000000000001
1990,19,10.726
1990,20,18.222
1990,21,27.83
1990,22,41.422
1990,23,55.611
1990,24,79.274
1990,25,111.365
1990,26,132.548
1990,27,148.418
1990,28,153.009
1990,29,147.784
1990,30,133.971
1990,31,111.708
1990,32,91.738
1990,33,69.92
1990,34,52.875
1990,35,37.837999999999994
1990,36,26.8
1990,37,18.178
1990,38,12.116
1990,39,7.872000000000001
1990,40,5.414000000000001
1990,41,3.236
1990,42,1.822
1990,43,0.995
1990,44,0.408
1990,45,0.165
1990,46,0.077
1990,47,0.033
1990,48,0.011
1990,49,0.011
1991,15,0.12
1991,16,0.651
1991,17,2.025
1991,18,4.911
1991,19,11.205
1991,20,18.506
1991,21,28.75
1991,22,40.252
1991,23,58.739
1991,24,76.809
1991,25,102.319
1991,26,132.295
1991,27,144.96
1991,28,151.091
1991,29,146.971
1991,30,133.722
1991,31,112.54
1991,32,91.496
1991,33,73.234
1991,34,54.46
1991,35,39.184
1991,36,28.202
1991,37,18.847
1991,38,12.823
1991,39,8.261
1991,40,5.159999999999999
1991,41,3.094
1991,42,1.782
1991,43,0.92
1991,44,0.48
1991,45,0.199
1991,46,0.066
1991,47,0.028
1991,48,0.009
1991,49,0.0
1992,15,0.123
1992,16,0.7290000000000001
1992,17,2.106
1992,18,5.084
1992,19,11.267
1992,20,18.324
1992,21,28.137
1992,22,39.186
1992,23,55.271
1992,24,77.783
1992,25,95.685
1992,26,119.383
1992,27,143.61
1992,28,146.30499999999998
1992,29,143.424
1992,30,131.11700000000002
1992,31,112.974
1992,32,92.437
1992,33,73.59100000000001
1992,34,56.111
1992,35,41.047
1992,36,29.372
1992,37,20.47
1992,38,13.383
1992,39,8.863
1992,40,5.3629999999999995
1992,41,3.09
1992,42,1.728
1992,43,0.93
1992,44,0.432
1992,45,0.217
1992,46,0.0689999999999999
1992,47,0.03
1992,48,0.0
1992,49,0.0
1993,15,0.136
1993,16,0.6920000000000001
1993,17,2.076
1993,18,4.885
1993,19,11.343
1993,20,18.098
1993,21,27.6
1993,22,38.725
1993,23,52.906
1993,24,71.81400000000001
1993,25,96.378
1993,26,112.395
1993,27,128.71699999999998
1993,28,144.31199999999998
1993,29,138.776
1993,30,128.465
1993,31,110.996
1993,32,91.986
1993,33,73.777
1993,34,57.0
1993,35,42.909000000000006
1993,36,29.868
1993,37,20.76
1993,38,14.029
1993,39,9.196
1993,40,5.445
1993,41,3.3080000000000003
1993,42,1.747
1993,43,0.939
1993,44,0.446
1993,45,0.19
1993,46,0.08
1993,47,0.04
1993,48,0.01
1993,49,0.0
1994,15,0.136
1994,16,0.764
1994,17,2.1870000000000003
1994,18,4.929
1994,19,11.437
1994,20,18.386
1994,21,28.005
1994,22,38.580000000000005
1994,23,53.379999999999995
1994,24,72.202
1994,25,92.4
1994,26,116.945
1994,27,126.128
1994,28,135.69899999999998
1994,29,144.581
1994,30,131.0
1994,31,114.965
1994,32,96.325
1994,33,77.92999999999999
1994,34,60.338
1994,35,45.621
1994,36,33.195
1994,37,22.767
1994,38,15.775
1994,39,10.478
1994,40,5.913
1994,41,3.604
1994,42,2.011
1994,43,0.987
1994,44,0.521
1994,45,0.2
1994,46,0.0699999999999999
1994,47,0.0349999999999999
1994,48,0.017
1994,49,0.009
1995,15,0.146
1995,16,0.858
1995,17,2.312
1995,18,4.979
1995,19,10.9
1995,20,17.722
1995,21,27.363
1995,22,36.847
1995,23,50.264
1995,24,67.202
1995,25,86.681
1995,26,106.159
1995,27,125.509
1995,28,127.107
1995,29,129.139
1995,30,128.736
1995,31,110.461
1995,32,93.142
1995,33,76.81
1995,34,60.014
1995,35,45.684000000000005
1995,36,34.037
1995,37,23.84
1995,38,15.867
1995,39,10.594
1995,40,6.333
1995,41,3.767
1995,42,2.13
1995,43,1.164
1995,44,0.5109999999999999
1995,45,0.214
1995,46,0.088
1995,47,0.029
1995,48,0.01
1995,49,0.01
1996,15,0.147
1996,16,0.8099999999999999
1996,17,2.63
1996,18,5.082
1996,19,10.931
1996,20,17.38
1996,21,26.545
1996,22,37.056
1996,23,49.784
1996,24,66.62
1996,25,83.47200000000001
1996,26,102.31
1996,27,117.036
1996,28,131.929
1996,29,127.239
1996,30,120.039
1996,31,115.567
1996,32,95.896
1996,33,78.011
1996,34,62.353
1996,35,48.156
1996,36,35.797000000000004
1996,37,24.854999999999997
1996,38,17.072
1996,39,11.217
1996,40,6.814
1996,41,4.002000000000001
1996,42,2.1919999999999997
1996,43,1.1150000000000002
1996,44,0.5429999999999999
1996,45,0.214
1996,46,0.087
1996,47,0.039
1996,48,0.019
1996,49,0.01
1997,15,0.186
1997,16,1.032
1997,17,2.819
1997,18,5.637
1997,19,11.584
1997,20,17.772
1997,21,26.407
1997,22,36.395
1997,23,49.238
1997,24,64.155
1997,25,79.00999999999999
1997,26,96.916
1997,27,111.608
1997,28,121.123
1997,29,128.45000000000002
1997,30,117.712
1997,31,105.495
1997,32,98.961
1997,33,80.3
1997,34,63.86600000000001
1997,35,48.797
1997,36,36.942
1997,37,25.613
1997,38,17.723
1997,39,12.123
1997,40,7.181
1997,41,4.318
1997,42,2.313
1997,43,1.32
1997,44,0.607
1997,45,0.25
1997,46,0.086
1997,47,0.038
1997,48,0.01
1997,49,0.01
1998,15,0.2259999999999999
1998,16,1.078
1998,17,2.978
1998,18,6.0600000000000005
1998,19,12.684
1998,20,19.164
1998,21,27.416
1998,22,35.787
1998,23,48.3
1998,24,63.96300000000001
1998,25,77.11500000000001
1998,26,94.425
1998,27,108.391
1998,28,118.503
1998,29,122.523
1998,30,121.398
1998,31,106.001
1998,32,92.501
1998,33,82.954
1998,34,65.266
1998,35,50.579
1998,36,38.373
1998,37,26.75
1998,38,18.521
1998,39,12.531
1998,40,7.586
1998,41,4.639
1998,42,2.513
1998,43,1.314
1998,44,0.6669999999999999
1998,45,0.253
1998,46,0.09
1998,47,0.041
1998,48,0.016
1998,49,0.008
1999,15,0.246
1999,16,1.284
1999,17,3.42
1999,18,6.522
1999,19,13.218
1999,20,20.358
1999,21,28.042
1999,22,35.256
1999,23,47.078
1999,24,60.744
1999,25,75.0
1999,26,90.09
1999,27,103.942
1999,28,112.701
1999,29,117.164
1999,30,114.789
1999,31,108.62
1999,32,90.957
1999,33,76.106
1999,34,66.787
1999,35,51.049
1999,36,39.013
1999,37,27.512
1999,38,19.075000000000003
1999,39,12.73
1999,40,8.02
1999,41,4.684
1999,42,2.598
1999,43,1.466
1999,44,0.679
1999,45,0.253
1999,46,0.101
1999,47,0.0419999999999999
1999,48,0.017
1999,49,0.008
2000,15,0.2739999999999999
2000,16,1.339
2000,17,3.895
2000,18,7.435
2000,19,14.191
2000,20,21.430999999999997
2000,21,29.83
2000,22,36.963
2000,23,46.199
2000,24,59.45
2000,25,72.99600000000001
2000,26,88.574
2000,27,101.406
2000,28,110.5
2000,29,115.297
2000,30,113.251
2000,31,105.769
2000,32,97.015
2000,33,78.276
2000,34,64.15700000000001
2000,35,54.592
2000,36,40.800999999999995
2000,37,28.89
2000,38,20.13
2000,39,13.702
2000,40,8.75
2000,41,5.189
2000,42,2.913
2000,43,1.471
2000,44,0.745
2000,45,0.293
2000,46,0.095
2000,47,0.038
2000,48,0.009
2000,49,0.009
2001,15,0.313
2001,16,1.547
2001,17,4.236
2001,18,7.673
2001,19,15.437
2001,20,22.191
2001,21,29.714
2001,22,38.061
2001,23,47.519
2001,24,58.197
2001,25,71.018
2001,26,84.835
2001,27,98.072
2001,28,105.977
2001,29,110.691
2001,30,109.532
2001,31,102.004
2001,32,90.971
2001,33,80.82499999999999
2001,34,64.99199999999999
2001,35,52.088
2001,36,43.047
2001,37,29.845
2001,38,21.099
2001,39,14.484
2001,40,9.08
2001,41,5.404
2001,42,3.0799999999999996
2001,43,1.49
2001,44,0.6759999999999999
2001,45,0.286
2001,46,0.124
2001,47,0.038
2001,48,0.019
2001,49,0.01
2002,15,0.383
2002,16,1.675
2002,17,4.36
2002,18,7.972
2002,19,15.782999999999998
2002,20,22.757
2002,21,30.426
2002,22,37.926
2002,23,47.11
2002,24,57.959
2002,25,68.839
2002,26,82.354
2002,27,93.709
2002,28,103.426
2002,29,108.852
2002,30,106.247
2002,31,99.445
2002,32,89.114
2002,33,77.837
2002,34,67.437
2002,35,52.263
2002,36,40.906
2002,37,31.717
2002,38,22.369
2002,39,15.13
2002,40,9.808000000000002
2002,41,5.630999999999999
2002,42,3.233
2002,43,1.592
2002,44,0.747
2002,45,0.292
2002,46,0.127
2002,47,0.049
2002,48,0.019
2002,49,0.019
2003,15,0.391
2003,16,1.636
2003,17,4.014
2003,18,7.606
2003,19,15.16
2003,20,22.067
2003,21,29.614
2003,22,36.476
2003,23,45.297
2003,24,55.957
2003,25,66.37
2003,26,77.749
2003,27,90.562
2003,28,99.285
2003,29,105.432
2003,30,104.185
2003,31,98.501
2003,32,88.464
2003,33,77.67200000000001
2003,34,66.11699999999999
2003,35,55.989999999999995
2003,36,42.21
2003,37,30.892
2003,38,23.902
2003,39,16.204
2003,40,10.327
2003,41,6.198
2003,42,3.545
2003,43,1.723
2003,44,0.7919999999999999
2003,45,0.337
2003,46,0.116
2003,47,0.053
2003,48,0.032
2003,49,0.011
2004,15,0.316
2004,16,1.529
2004,17,3.781
2004,18,7.409
2004,19,14.766
2004,20,21.359
2004,21,29.454
2004,22,36.343
2004,23,44.477999999999994
2004,24,54.401
2004,25,65.40899999999999
2004,26,76.595
2004,27,87.32
2004,28,96.269
2004,29,102.971
2004,30,103.028
2004,31,97.645
2004,32,88.492
2004,33,77.246
2004,34,66.776
2004,35,56.532
2004,36,46.308
2004,37,32.963
2004,38,23.629
2004,39,17.547
2004,40,11.068
2004,41,6.572
2004,42,3.554
2004,43,1.886
2004,44,0.893
2004,45,0.3339999999999999
2004,46,0.1389999999999999
2004,47,0.0649999999999999
2004,48,0.028
2004,49,0.019
2005,15,0.289
2005,16,1.344
2005,17,3.5460000000000003
2005,18,6.864
2005,19,13.862
2005,20,20.471
2005,21,28.389999999999997
2005,22,35.673
2005,23,43.066
2005,24,52.165000000000006
2005,25,62.83
2005,26,74.295
2005,27,84.611
2005,28,93.185
2005,29,99.443
2005,30,98.3
2005,31,94.202
2005,32,86.31
2005,33,76.708
2005,34,65.89699999999999
2005,35,56.618
2005,36,45.531
2005,37,34.808
2005,38,24.328
2005,39,17.156000000000002
2005,40,11.34
2005,41,6.854
2005,42,3.747
2005,43,1.918
2005,44,0.959
2005,45,0.37
2005,46,0.135
2005,47,0.059
2005,48,0.034
2005,49,0.025
2006,15,0.317
2006,16,1.327
2006,17,3.768
2006,18,6.79
2006,19,13.223
2006,20,20.392
2006,21,28.514999999999997
2006,22,36.481
2006,23,44.023
2006,24,54.687
2006,25,63.355
2006,26,74.696
2006,27,85.842
2006,28,94.53
2006,29,101.317
2006,30,101.034
2006,31,96.56
2006,32,89.89
2006,33,79.65
2006,34,69.372
2006,35,59.988
2006,36,48.59
2006,37,36.47
2006,38,27.578
2006,39,18.556
2006,40,12.161
2006,41,7.572
2006,42,4.1850000000000005
2006,43,2.275
2006,44,0.975
2006,45,0.426
2006,46,0.148
2006,47,0.049
2006,48,0.04
2006,49,0.01
2007,15,0.305
2007,16,1.262
2007,17,3.451
2007,18,6.79
2007,19,13.234
2007,20,20.301
2007,21,28.03
2007,22,35.739
2007,23,44.817
2007,24,54.233
2007,25,64.643
2007,26,75.067
2007,27,86.006
2007,28,95.186
2007,29,102.478
2007,30,101.114
2007,31,96.922
2007,32,90.00800000000001
2007,33,81.391
2007,34,71.554
2007,35,62.242
2007,36,50.658
2007,37,38.748
2007,38,28.751
2007,39,21.045
2007,40,13.755
2007,41,8.043
2007,42,4.849
2007,43,2.4789999999999996
2007,44,1.081
2007,45,0.434
2007,46,0.179
2007,47,0.075
2007,48,0.028
2007,49,0.009
2008,15,0.288
2008,16,1.309
2008,17,3.661
2008,18,6.9239999999999995
2008,19,13.204
2008,20,20.235
2008,21,28.26
2008,22,35.719
2008,23,44.766
2008,24,55.052
2008,25,64.49499999999999
2008,26,76.42
2008,27,85.813
2008,28,95.264
2008,29,103.06
2008,30,101.742
2008,31,98.542
2008,32,92.114
2008,33,82.64
2008,34,73.962
2008,35,64.998
2008,36,53.338
2008,37,41.249
2008,38,30.917
2008,39,22.092
2008,40,15.251
2008,41,8.939
2008,42,5.023
2008,43,2.7079999999999997
2008,44,1.278
2008,45,0.451
2008,46,0.205
2008,47,0.092
2008,48,0.031
2008,49,0.02
2009,15,0.275
2009,16,1.3179999999999998
2009,17,3.472
2009,18,6.551
2009,19,12.778
2009,20,19.758000000000003
2009,21,27.2
2009,22,34.137
2009,23,43.316
2009,24,53.508
2009,25,63.995
2009,26,75.176
2009,27,86.228
2009,28,94.638
2009,29,101.92
2009,30,102.294
2009,31,98.74
2009,32,92.46
2009,33,83.853
2009,34,74.671
2009,35,66.08
2009,36,54.75
2009,37,42.423
2009,38,32.516999999999996
2009,39,23.787
2009,40,16.185000000000002
2009,41,10.226
2009,42,5.528
2009,43,2.81
2009,44,1.405
2009,45,0.5509999999999999
2009,46,0.19
2009,47,0.08
2009,48,0.03
2009,49,0.03
2010,15,0.288
2010,16,1.23
2010,17,3.085
2010,18,6.101
2010,19,12.261
2010,20,19.003
2010,21,26.462
2010,22,33.188
2010,23,41.953
2010,24,53.655
2010,25,64.22500000000001
2010,26,76.673
2010,27,87.795
2010,28,97.59
2010,29,103.363
2010,30,102.211
2010,31,100.666
2010,32,95.104
2010,33,86.938
2010,34,77.17599999999999
2010,35,67.454
2010,36,56.903
2010,37,44.155
2010,38,33.85
2010,39,25.066000000000003
2010,40,17.641000000000002
2010,41,11.059
2010,42,6.49
2010,43,3.24
2010,44,1.41
2010,45,0.569
2010,46,0.24
2010,47,0.0699999999999999
2010,48,0.06
2010,49,0.03
2011,15,0.335
2011,16,1.271
2011,17,3.211
2011,18,5.841
2011,19,11.74
2011,20,18.275
2011,21,25.254
2011,22,31.799
2011,23,40.651
2011,24,51.504
2011,25,62.764
2011,26,76.214
2011,27,88.235
2011,28,97.033
2011,29,104.551
2011,30,103.134
2011,31,101.471
2011,32,96.097
2011,33,87.973
2011,34,79.869
2011,35,68.503
2011,36,57.276
2011,37,45.688
2011,38,34.872
2011,39,25.954
2011,40,18.542
2011,41,11.695
2011,42,6.622
2011,43,3.545
2011,44,1.549
2011,45,0.65
2011,46,0.262
2011,47,0.0839999999999999
2011,48,0.052
2011,49,0.031
2012,15,0.309
2012,16,1.375
2012,17,3.238
2012,18,5.779
2012,19,11.051
2012,20,17.371000000000002
2012,21,24.002
2012,22,30.238
2012,23,38.077
2012,24,48.668000000000006
2012,25,60.76
2012,26,74.546
2012,27,87.437
2012,28,97.884
2012,29,105.249
2012,30,105.445
2012,31,102.333
2012,32,98.531
2012,33,90.81
2012,34,82.065
2012,35,71.30300000000001
2012,36,59.878
2012,37,47.354
2012,38,36.979
2012,39,27.712
2012,40,20.047
2012,41,12.86
2012,42,7.237
2012,43,3.817
2012,44,1.858
2012,45,0.778
2012,46,0.242
2012,47,0.095
2012,48,0.053
2012,49,0.0419999999999999
2013,15,0.315
2013,16,1.288
2013,17,3.166
2013,18,5.91
2013,19,11.161
2013,20,16.622
2013,21,23.484
2013,22,29.399
2013,23,36.912
2013,24,46.288
2013,25,58.639
2013,26,72.652
2013,27,86.556
2013,28,97.854
2013,29,106.854
2013,30,106.271
2013,31,104.797
2013,32,98.567
2013,33,92.601
2013,34,84.985
2013,35,74.16399999999999
2013,36,62.502
2013,37,49.696
2013,38,38.533
2013,39,29.426
2013,40,21.38
2013,41,13.631
2013,42,8.112
2013,43,4.186999999999999
2013,44,1.957
2013,45,0.8130000000000001
2013,46,0.306
2013,47,0.116
2013,48,0.063
2013,49,0.032
2014,15,0.321
2014,16,1.2080000000000002
2014,17,3.2039999999999997
2014,18,5.7749999999999995
2014,19,11.131
2014,20,16.653000000000002
2014,21,22.332
2014,22,28.245
2014,23,35.228
2014,24,43.947
2014,25,56.489
2014,26,69.961
2014,27,83.762
2014,28,96.677
2014,29,105.379
2014,30,106.514
2014,31,105.772
2014,32,100.53
2014,33,92.49
2014,34,86.73400000000001
2014,35,74.198
2014,36,64.057
2014,37,52.417
2014,38,40.304
2014,39,30.888
2014,40,22.478
2014,41,14.11
2014,42,8.568
2014,43,4.53
2014,44,2.094
2014,45,0.8540000000000001
2014,46,0.363
2014,47,0.1389999999999999
2014,48,0.075
2014,49,0.053
2015,15,0.2669999999999999
2015,16,1.018
2015,17,3.013
2015,18,5.492999999999999
2015,19,10.443
2015,20,16.049
2015,21,22.0
2015,22,26.83
2015,23,34.488
2015,24,43.689
2015,25,55.618
2015,26,68.345
2015,27,84.013
2015,28,96.593
2015,29,107.367
2015,30,109.518
2015,31,109.005
2015,32,103.794
2015,33,97.181
2015,34,89.068
2015,35,78.581
2015,36,67.203
2015,37,54.188
2015,38,43.043
2015,39,32.197
2015,40,23.539
2015,41,15.092
2015,42,8.988
2015,43,4.745
2015,44,2.186
2015,45,1.059
2015,46,0.3289999999999999
2015,47,0.165
2015,48,0.059
2015,49,0.047
2016,15,0.248
2016,16,0.98
2016,17,2.4459999999999997
2016,18,4.912
2016,19,10.19
2016,20,15.325
2016,21,21.68
2016,22,27.244
2016,23,33.15
2016,24,41.709999999999994
2016,25,53.632
2016,26,67.351
2016,27,83.22699999999999
2016,28,95.473
2016,29,105.543
2016,30,108.28
2016,31,107.606
2016,32,104.396
2016,33,96.925
2016,34,89.51299999999999
2016,35,78.097
2016,36,67.814
2016,37,55.508
2016,38,44.584
2016,39,34.086999999999996
2016,40,23.939
2016,41,15.645
2016,42,9.16
2016,43,4.955
2016,44,2.261
2016,45,1.121
2016,46,0.411
2016,47,0.174
2016,48,0.075
2016,49,0.05
2017,15,0.21
2017,16,0.8099999999999999
2017,17,2.2590000000000003
2017,18,4.278
2017,19,9.406
2017,20,14.383
2017,21,20.452
2017,22,25.756
2017,23,32.61
2017,24,40.953
2017,25,52.157
2017,26,65.703
2017,27,80.209
2017,28,94.745
2017,29,105.431
2017,30,108.249
2017,31,106.668
2017,32,102.281
2017,33,96.136
2017,34,88.488
2017,35,79.10300000000001
2017,36,67.13900000000001
2017,37,55.448
2017,38,44.604
2017,39,34.528000000000006
2017,40,24.028
2017,41,15.458
2017,42,9.156
2017,43,4.9319999999999995
2017,44,2.202
2017,45,1.195
2017,46,0.4629999999999999
2017,47,0.206
2017,48,0.077
2017,49,0.039
2018,15,0.191
2018,16,0.834
2018,17,2.0
2018,18,3.88
2018,19,8.332
2018,20,13.505
2018,21,19.743
2018,22,24.904
2018,23,31.171999999999997
2018,24,40.26
2018,25,50.077000000000005
2018,26,64.36200000000001
2018,27,78.893
2018,28,92.471
2018,29,103.799
2018,30,107.05
2018,31,106.41
2018,32,101.144
2018,33,94.924
2018,34,88.358
2018,35,78.883
2018,36,68.125
2018,37,55.382
2018,38,44.762
2018,39,34.730999999999995
2018,40,24.368
2018,41,15.945999999999998
2018,42,9.318
2018,43,4.9750000000000005
2018,44,2.379
2018,45,1.247
2018,46,0.5509999999999999
2018,47,0.223
2018,48,0.079
2018,49,0.053
2019,15,0.16
2019,16,0.722
2019,17,1.894
2019,18,3.448
2019,19,7.407
2019,20,11.873
2019,21,17.843999999999998
2019,22,23.274
2019,23,30.012
2019,24,38.324
2019,25,48.328
2019,26,60.737
2019,27,76.00999999999999
2019,28,89.324
2019,29,98.84
2019,30,103.653
2019,31,102.488
2019,32,97.697
2019,33,91.534
2019,34,84.116
2019,35,77.367
2019,36,65.705
2019,37,54.827
2019,38,43.81
2019,39,34.421
2019,40,24.096
2019,41,15.959
2019,42,9.61
2019,43,5.247
2019,44,2.281
2019,45,1.409
2019,46,0.558
2019,47,0.195
2019,48,0.098
2019,49,0.0419999999999999
2020,15,0.15
2020,16,0.5479999999999999
2020,17,1.694
2020,18,3.219
2020,19,6.6080000000000005
2020,20,10.827
2020,21,16.014
2020,22,21.32
2020,23,28.377
2020,24,36.526999999999994
2020,25,47.476
2020,26,60.469
2020,27,73.82600000000001
2020,28,87.86
2020,29,98.34
2020,30,101.838
2020,31,101.436
2020,32,97.636
2020,33,90.182
2020,34,84.458
2020,35,76.095
2020,36,65.885
2020,37,54.378
2020,38,43.573
2020,39,34.415
2020,40,24.029
2020,41,16.252
2020,42,9.661
2020,43,5.433000000000001
2020,44,2.525
2020,45,1.487
2020,46,0.5609999999999999
2020,47,0.21
2020,48,0.098
2020,49,0.056
2021,15,0.092
2021,16,0.483
2021,17,1.273
2021,18,2.598
2021,19,5.7299999999999995
2021,20,9.191
2021,21,13.619
2021,22,18.895
2021,23,25.768
2021,24,34.348
2021,25,44.961
2021,26,57.138
2021,27,71.687
2021,28,83.70700000000001
2021,29,96.737
2021,30,100.037
2021,31,99.507
2021,32,96.164
2021,33,90.144
2021,34,83.506
2021,35,75.70100000000001
2021,36,65.881
2021,37,54.922
2021,38,44.181
2021,39,34.747
2021,40,25.246
2021,41,16.629
2021,42,10.371
2021,43,5.866
2021,44,2.722
2021,45,1.729
2021,46,0.5469999999999999
2021,47,0.216
2021,48,0.043
2021,49,0.029
2022,15,0.354
2022,16,0.924
2022,17,1.5759999999999998
2022,18,2.371
2022,19,3.76
2022,20,6.111
2022,21,10.517
2022,22,17.101000000000003
2022,23,25.249
2022,24,34.840999999999994
2022,25,45.883
2022,26,58.257000000000005
2022,27,70.688
2022,28,82.459
2022,29,91.626
2022,30,97.617
2022,31,98.998
2022,32,96.103
2022,33,91.013
2022,34,84.126
2022,35,75.186
2022,36,64.39699999999999
2022,37,53.777
2022,38,43.733
2022,39,34.11
2022,40,24.584000000000003
2022,41,16.948
2022,42,10.797
2022,43,6.373
2022,44,3.58
2022,45,1.806
2022,46,0.7010000000000001
2022,47,0.151
2022,48,0.028
2022,49,0.004
2023,15,0.324
2023,16,0.852
2023,17,1.488
2023,18,2.291
2023,19,3.657
2023,20,5.925
2023,21,10.078
2023,22,16.232
2023,23,23.834999999999997
2023,24,32.800000000000004
2023,25,43.221
2023,26,55.022
2023,27,67.023
2023,28,78.529
2023,29,87.598
2023,30,93.647
2023,31,95.25
2023,32,92.712
2023,33,88.044
2023,34,81.615
2023,35,73.145
2023,36,62.766000000000005
2023,37,52.497
2023,38,42.735
2023,39,33.331
2023,40,23.929
2023,41,16.457
2023,42,10.457
2023,43,6.155
2023,44,3.4520000000000004
2023,45,1.812
2023,46,0.7290000000000001
2023,47,0.181
2023,48,0.041
2023,49,0.006
2024,15,0.331
2024,16,0.8360000000000001
2024,17,1.418
2024,18,2.15
2024,19,3.384
2024,20,5.5009999999999994
2024,21,9.497
2024,22,15.568
2024,23,23.096
2024,24,32.027
2024,25,42.494
2024,26,54.405
2024,27,66.555
2024,28,78.342
2024,29,87.608
2024,30,94.075
2024,31,96.037
2024,32,93.732
2024,33,89.299
2024,34,83.01
2024,35,74.462
2024,36,64.053
2024,37,53.858999999999995
2024,38,44.03
2024,39,34.496
2024,40,24.86
2024,41,17.2
2024,42,11.055
2024,43,6.574
2024,44,3.717
2024,45,1.991
2024,46,0.8099999999999999
2024,47,0.194
2024,48,0.0419999999999999
2024,49,0.005
2025,15,0.331
2025,16,0.819
2025,17,1.351
2025,18,2.021
2025,19,3.137
2025,20,5.114999999999999
2025,21,8.958
2025,22,14.938
2025,23,22.384
2025,24,31.27
2025,25,41.767
2025,26,53.771
2025,27,66.051
2025,28,78.101
2025,29,87.548
2025,30,94.418
2025,31,96.732
2025,32,94.658
2025,33,90.463
2025,34,84.32000000000001
2025,35,75.70200000000001
2025,36,65.275
2025,37,55.172
2025,38,45.288
2025,39,35.638000000000005
2025,40,25.778
2025,41,17.939
2025,42,11.659
2025,43,7.004
2025,44,3.991
2025,45,2.182
2025,46,0.896
2025,47,0.207
2025,48,0.044
2025,49,0.004
2026,15,0.331
2026,16,0.8019999999999999
2026,17,1.288
2026,18,1.901
2026,19,2.911
2026,20,4.759
2026,21,8.452
2026,22,14.329
2026,23,21.679
2026,24,30.503
2026,25,41.006
2026,26,53.076
2026,27,65.459
2026,28,77.739
2026,29,87.34599999999999
2026,30,94.597
2026,31,97.251
2026,32,95.408
2026,33,91.455
2026,34,85.46900000000001
2026,35,76.797
2026,36,66.372
2026,37,56.383
2026,38,46.466
2026,39,36.721
2026,40,26.658
2026,41,18.657
2026,42,12.257
2026,43,7.436
2026,44,4.271
2026,45,2.3800000000000003
2026,46,0.988
2026,47,0.221
2026,48,0.045
2026,49,0.004
2027,15,0.331
2027,16,0.7879999999999999
2027,17,1.231
2027,18,1.793
2027,19,2.71
2027,20,4.444
2027,21,7.998
2027,22,13.778
2027,23,21.041
2027,24,29.812
2027,25,40.328
2027,26,52.469
2027,27,64.96300000000001
2027,28,77.477
2027,29,87.248
2027,30,94.876
2027,31,97.865
2027,32,96.248
2027,33,92.529
2027,34,86.69300000000001
2027,35,77.959
2027,36,67.527
2027,37,57.644
2027,38,47.689
2027,39,37.844
2027,40,27.57
2027,41,19.401999999999997
2027,42,12.881
2027,43,7.889
2027,44,4.566
2027,45,2.594
2027,46,1.088
2027,47,0.235
2027,48,0.047
2027,49,0.004
2028,15,0.331
2028,16,0.772
2028,17,1.177
2028,18,1.693
2028,19,2.526
2028,20,4.152
2028,21,7.571
2028,22,13.246
2028,23,20.412
2028,24,29.114
2028,25,39.623
2028,26,51.812
2028,27,64.39
2028,28,77.10799999999999
2028,29,87.023
2028,30,95.005
2028,31,98.316
2028,32,96.922
2028,33,93.441
2028,34,87.76299999999999
2028,35,78.981
2028,36,68.56099999999999
2028,37,58.803
2028,38,48.83
2028,39,38.905
2028,40,28.44
2028,41,20.122
2028,42,13.495
2028,43,8.343
2028,44,4.864
2028,45,2.815
2028,46,1.193
2028,47,0.2489999999999999
2028,48,0.048
2028,49,0.003
2029,15,0.331
2029,16,0.759
2029,17,1.128
2029,18,1.602
2029,19,2.362
2029,20,3.893
2029,21,7.186
2029,22,12.761
2029,23,19.837
2029,24,28.478
2029,25,38.983
2029,26,51.223
2029,27,63.889
2029,28,76.81200000000001
2029,29,86.87100000000001
2029,30,95.201
2029,31,98.829
2029,32,97.652
2029,33,94.402
2029,34,88.875
2029,35,80.041
2029,36,69.62599999999999
2029,37,59.99
2029,38,49.996
2029,39,39.989
2029,40,29.33
2029,41,20.86
2029,42,14.129
2029,43,8.814
2029,44,5.176
2029,45,3.0500000000000003
2029,46,1.306
2029,47,0.265
2029,48,0.05
2029,49,0.003
2030,15,0.331
2030,16,0.745
2030,17,1.082
2030,18,1.519
2030,19,2.212
2030,20,3.655
2030,21,6.829
2030,22,12.302
2030,23,19.283
2030,24,27.854
2030,25,38.345
2030,26,50.621
2030,27,63.359
2030,28,76.467
2030,29,86.65599999999999
2030,30,95.316
2030,31,99.249
2030,32,98.285
2030,33,95.264
2030,34,89.892
2030,35,81.013
2030,36,70.615
2030,37,61.11
2030,38,51.108
2030,39,41.033
2030,40,30.192
2030,41,21.582
2030,42,14.759
2030,43,9.289
2030,44,5.492
2030,45,3.294
2030,46,1.424
2030,47,0.2799999999999999
2030,48,0.051
2030,49,0.003
